"ID","Team","Title","Description","Status","Estimate","Priority","Project ID","Project","Creator","Assignee","Labels","Cycle Number","Cycle Name","Cycle Start","Cycle End","Created","Updated","Started","Triaged","Completed","Canceled","Archived","Due Date","Parent issue","Initiatives","Project Milestone ID","Project Milestone","SLA Status","UUID","Time in status (minutes)","Related to","Blocked by","Duplicate of"
"SAN-526","Sanjiovani","PAY-005 — Mobile checkout UX (Stripe + Apple/Google Pay + QR)","## Product code

**PAY-005** — Mobile checkout UX (Stripe + Apple/Google Pay + QR)

| Traceability | Value |
| -- | -- |
| Spec | `tasks/wireframes/mobile/pay-005-mobile-checkout.md` |
| Index | `tasks/wireframes/mobile/index-mobile.md` |
| Route | /events/\[slug\], /me/tickets |
| Persona | Andrés |

---

Disk spec is source of truth. Playwright + viewport evidence required before Done.

**Depends on:** SAN-489","Backlog",,"Urgent","1faa8d97-2c93-4e56-b1e9-08a41013c980","UX","ai@socialmediaville.ca",,"phase:mvp, scr, stack:nextjs, stack:playwright, stack:stripe, track:screens",,,,,"2026-06-02T23:43:20.381Z","2026-06-08T15:35:15.851Z",,,,,,"2026-06-03T23:43:21.122Z",,"",,,"Breached","2e70dbaf-74ee-4433-802c-16ff717c03dd",8170,"SAN-489","",
"SAN-524","Sanjiovani","MAP-011-M — Mobile map interaction system","## Product code

**MAP-011-M** — Mobile map interaction system

| Traceability | Value |
| -- | -- |
| Spec | `tasks/wireframes/mobile/map-011-mobile-map-system.md` |
| Index | `tasks/wireframes/mobile/index-mobile.md` |
| Route | / |
| Persona | Camila |

> **Note:** Not Discovery MAP-011 route previews (SAN-229). Mobile-only map sheet + pinch-zoom.

---

Disk spec is source of truth. Playwright + viewport evidence required before Done.

**Depends on:** SAN-489","Backlog",,"Urgent","1faa8d97-2c93-4e56-b1e9-08a41013c980","UX","ai@socialmediaville.ca",,"phase:mvp, scr, track:maps, track:screens",,,,,"2026-06-02T23:43:15.853Z","2026-06-08T05:59:41.218Z",,,,,,"2026-06-03T23:43:16.478Z",,"",,,"Breached","fdb9b602-d7dc-493d-99ac-9fe0707905ba",8170,"SAN-489, SAN-577","SAN-530, SAN-528",
"SAN-522","Sanjiovani","MOB-CHAT-001 — Mobile chat composer + keyboard UX","## Product code

**MOB-CHAT-001** — Mobile chat composer + keyboard UX

| Traceability | Value |
| -- | -- |
| Spec | `tasks/wireframes/mobile/mob-chat-001-mobile-chat-composer.md` |
| Index | `tasks/wireframes/mobile/index-mobile.md` |
| Route | / |
| Persona | Camila |

---

Disk spec is source of truth. Playwright + viewport evidence required before Done.

**Depends on:** SAN-489","Backlog",,"Urgent","1faa8d97-2c93-4e56-b1e9-08a41013c980","UX","ai@socialmediaville.ca",,"phase:mvp, scr, stack:copilotkit, track:screens",,,,,"2026-06-02T23:43:09.650Z","2026-06-08T05:59:37.228Z",,,,,,"2026-06-03T23:43:10.459Z",,"",,,"Breached","7172ca46-9ff2-45c5-a930-154496d04184",8170,"SAN-489, SAN-578","SAN-530, SAN-529, SAN-528, SAN-526, SAN-525, SAN-523",
"SAN-529","Sanjiovani","PWA-001 — Mobile install experience (manifest + offline)","## Product code

**PWA-001** — Mobile install experience (manifest + offline)

| Traceability | Value |
| -- | -- |
| Spec | `tasks/wireframes/mobile/pwa-001-mobile-install.md` |
| Index | `tasks/wireframes/mobile/index-mobile.md` |
| Route | All |
| Persona | Camila |

---

Disk spec is source of truth. Playwright + viewport evidence required before Done.

**Depends on:** SAN-489","Backlog",,"High","1faa8d97-2c93-4e56-b1e9-08a41013c980","UX","ai@socialmediaville.ca",,"phase:post-mvp, scr, stack:nextjs, stack:playwright, track:screens",,,,,"2026-06-02T23:43:35.676Z","2026-06-08T05:59:54.745Z",,,,,,"2026-06-09T23:43:36.304Z",,"",,,"MediumRisk","36834657-f7a8-41b6-9ddc-1baff52b85ac",8170,"SAN-489","",
"SAN-528","Sanjiovani","PERF-001 — Mobile performance (LCP / CLS / INP)","## Product code

**PERF-001** — Mobile performance (LCP / CLS / INP)

| Traceability | Value |
| -- | -- |
| Spec | `tasks/wireframes/mobile/perf-001-mobile-performance.md` |
| Index | `tasks/wireframes/mobile/index-mobile.md` |
| Route | All |
| Persona | Camila |

---

Disk spec is source of truth. Playwright + viewport evidence required before Done.

**Depends on:** SAN-489","Backlog",,"High","1faa8d97-2c93-4e56-b1e9-08a41013c980","UX","ai@socialmediaville.ca",,"phase:post-mvp, scr, stack:nextjs, stack:playwright, track:screens",,,,,"2026-06-02T23:43:29.123Z","2026-06-08T05:59:52.438Z",,,,,,"2026-06-09T23:43:29.695Z",,"",,,"MediumRisk","826b12e7-156e-483b-94bc-eeb0eec75a9a",8170,"SAN-489","SAN-529",
"SAN-527","Sanjiovani","AUTH-006 — Mobile auth stability (OAuth + deep links)","## Product code

**AUTH-006** — Mobile auth stability (OAuth + deep links)

| Traceability | Value |
| -- | -- |
| Spec | `tasks/wireframes/mobile/auth-006-mobile-auth.md` |
| Index | `tasks/wireframes/mobile/index-mobile.md` |
| Route | /login, /signup |
| Persona | Camila |

---

Disk spec is source of truth. Playwright + viewport evidence required before Done.

**Depends on:** SAN-489","Backlog",,"High","1faa8d97-2c93-4e56-b1e9-08a41013c980","UX","ai@socialmediaville.ca",,"phase:mvp, prefix:ATH, scr, track:screens",,,,,"2026-06-02T23:43:25.578Z","2026-06-08T05:59:45.473Z",,,,,,"2026-06-09T23:43:26.442Z",,"",,,"MediumRisk","cbaa41e0-096a-4c98-a7d1-3fe8f87f96c2",8170,"SAN-489","SAN-529",
"SAN-525","Sanjiovani","MOB-CARD-001 — Mobile card system (touch + carousels)","## Product code

**MOB-CARD-001** — Mobile card system (touch + carousels)

| Traceability | Value |
| -- | -- |
| Spec | `tasks/wireframes/mobile/mob-card-001-mobile-card-system.md` |
| Index | `tasks/wireframes/mobile/index-mobile.md` |
| Route | / |
| Persona | Camila |

---

Disk spec is source of truth. Playwright + viewport evidence required before Done.

**Depends on:** SAN-489","Backlog",,"High","1faa8d97-2c93-4e56-b1e9-08a41013c980","UX","ai@socialmediaville.ca",,"phase:mvp, scr, track:screens",,,,,"2026-06-02T23:43:17.789Z","2026-06-08T05:59:43.232Z",,,,,,"2026-06-09T23:43:18.738Z",,"",,,"MediumRisk","ecc78dff-290d-43c3-9d03-de0780611a2e",8170,"SAN-489, SAN-574","SAN-530, SAN-528",
"SAN-523","Sanjiovani","AIM-010 — Mobile AI concierge UX (chips + contextual prompts)","## Product code

**AIM-010** — Mobile AI concierge UX (chips + contextual prompts)

| Traceability | Value |
| -- | -- |
| Spec | `tasks/wireframes/mobile/aim-010-mobile-ai-ux.md` |
| Index | `tasks/wireframes/mobile/index-mobile.md` |
| Route | / |
| Persona | Camila |

---

Disk spec is source of truth. Playwright + viewport evidence required before Done.

**Depends on:** SAN-489","Backlog",,"High","1faa8d97-2c93-4e56-b1e9-08a41013c980","UX","ai@socialmediaville.ca",,"phase:mvp, scr, track:screens",,,,,"2026-06-02T23:43:12.816Z","2026-06-08T05:59:39.071Z",,,,,,"2026-06-09T23:43:13.584Z",,"",,,"MediumRisk","c311ef17-47c4-42d3-88ed-0d8b594a02ad",8170,"SAN-489, SAN-578","",
"SAN-728","Sanjiovani","E2E: Camila schedule-viewing full flow (modal → submit → banner → dismiss)","## Context

SAN-716 landed the `LeadConfirmationBanner` + `ScheduleViewingModal` implementation and added 17 unit tests (PR #129). Those tests verify HTML structure via `renderToStaticMarkup` but do not exercise the full runtime flow.

## What is missing

A Playwright E2E test that walks Camila's actual path:

1. Navigate to `/rentals` (or `/chat`) and open a rental card
2. Click ""Schedule Viewing"" → modal appears (`data-testid=""schedule-viewing-modal""`)
3. Fill in name, email, phone, preferred date
4. Click Submit (`data-testid=""schedule-viewing-submit""`)
5. Assert API call to `/api/leads/schedule-viewing` returns 200 and a `leadId`
6. Assert confirmation banner appears (`data-testid=""lead-confirmation-card""`) with the listing title and `Ref <first-8-chars>`
7. Click Dismiss → banner disappears

## Acceptance

- [ ] Playwright spec passes in CI against a real dev/staging environment
- [ ] Covers happy path (valid form → 200 → banner)
- [ ] Covers error path (submit with empty email → field validation, no banner)
- [ ] `leads` row visible in Supabase after successful submit

## Notes

* Unit tests live in `src/components/chat/__tests__/` and `src/components/modals/__tests__/`
* Implementation files: `src/components/chat/lead-confirmation-banner.tsx`, `src/components/modals/schedule-viewing-modal.tsx`, `src/components/chat/rental-ui-context.tsx`
* Submit path: `src/lib/leads/submit-schedule-viewing.ts` → `POST /api/leads/schedule-viewing` → `chat-lead-capture` edge function → Supabase `leads` table

Follows SAN-716 (tests-only PR #129, merged 2026-06-08).","Backlog",,"Medium","1faa8d97-2c93-4e56-b1e9-08a41013c980","UX","ai@socialmediaville.ca",,"area:rentals, stack:nextjs, track:screens",,,,,"2026-06-08T07:38:07.591Z","2026-06-08T07:38:07.591Z",,,,,,,,"",,,,"229268dd-1a3f-4562-b590-7c49b011cb7a",495,"","",
"SAN-580","Sanjiovani","D-14 — Polish + proof (a11y, responsive, tests)","**Parent:** [SAN-566](https://linear.app/sanjiovani/issue/SAN-566/design-track-light-luxury-re-skin-concierge-os-d-01-d-14) · **Phase 4** · **Step 14/14** · deps D-09…D-13 · ref design-process §6
**Disk spec:** `tasks/design/tasks/D-14-polish-proof.md` · **Index:** `tasks/design/tasks/INDEX.md`
**Output:** all re-skinned surfaces + test evidence

## EXTEND — do not redo MVP polish

[SAN-265](https://linear.app/sanjiovani/issue/SAN-265/uix-037-screen-019-loading-error-empty-states) (SCREEN-019) + [SAN-268](https://linear.app/sanjiovani/issue/SAN-268/uix-040-screen-020-accessibility-pass-mvp-surfaces) (SCREEN-020) Done for MVP surfaces. D-14 extends to new re-skinned outputs only (D-09…D-13).

## Acceptance criteria (full checklist per new surface)

* Mobile responsive · light-first · WCAG AA + prefers-reduced-motion
* Design tokens (no gray-\*) · shadcn base-nova · CopilotKit v1 only
* Maps: mapId + FieldMask where applicable
* Loading/empty/error demonstrated

Surfaces: D-09 routes · D-10 dashboard · D-11 map · D-12 concierge · D-13 home.

### Proof

```bash
cd mdeapp && npm run floor
npx playwright test e2e/prod-synthetic-smoke.spec.ts --project=chromium --workers=1
```

Evidence: `tasks/testing/evidence/YYYY-MM-DD/d-14-RESULTS.md`","Backlog",,"Medium","1faa8d97-2c93-4e56-b1e9-08a41013c980","UX","ai@socialmediaville.ca",,"scr, track:ux",,,,,"2026-06-05T18:59:36.557Z","2026-06-08T03:43:18.278Z",,,,,,,"SAN-566","","90582f4c-d0bc-44e9-972f-d92d829bd95c","M7 — Mobile, A11y &amp; Polish",,"2dd10609-0f5f-4b6d-a00b-17b8bba94715",946,"SAN-265, SAN-268, SAN-577, SAN-575, SAN-579, SAN-574","SAN-578, SAN-576",
"SAN-578","Sanjiovani","D-12 — Concierge surface (grounded AI band)","**Parent:** [SAN-566](https://linear.app/sanjiovani/issue/SAN-566/design-track-light-luxury-re-skin-concierge-os-d-01-d-14) · **Phase 3** · **Step 12/14** · deps D-09 · ref design-process §3.2
**Disk spec:** `tasks/design/tasks/D-12-concierge-band.md` · **Index:** `tasks/design/tasks/INDEX.md`
**Output:** full-width AI Concierge band (reuse)

Reuse CopilotKit v1 concierge as the in-page AI band. Grounded AI-Insight strips only — derive from real signals; never fabricate stats.

## Acceptance criteria

- [ ] Concierge band uses existing useCoAgent conciergeAgent — no new agent
- [ ] CopilotKit v1.55.2 only
- [ ] Insight strips hidden when no grounded signal
- [ ] Mobile responsive · WCAG chat region + aria-live
- [ ] Loading/empty/error (SCREEN-019)

### Proof

```bash
cd mdeapp && npm run floor
node ../tasks/testing/scripts/chat-smoke.mjs --base http://localhost:3001
```","Backlog",,"Medium","1faa8d97-2c93-4e56-b1e9-08a41013c980","UX","ai@socialmediaville.ca",,"scr, track:ux",,,,,"2026-06-05T18:59:20.727Z","2026-06-08T03:43:21.312Z",,,,,,,"SAN-566","","6fc2a6cf-f9e3-4036-b3eb-52868f2c8533","M4 — Surface Re-skins",,"9f657bbe-69fe-4bc8-a5c0-b01767c1edac",946,"SAN-522, SAN-523, SAN-575","",
"SAN-576","Sanjiovani","D-10 — Re-skin Dashboard (must not block MVP)","**Parent:** [SAN-566](https://linear.app/sanjiovani/issue/SAN-566/design-track-light-luxury-re-skin-concierge-os-d-01-d-14) · **Phase 3** · **Step 10b/14** · deps D-06·D-07·D-08 · ref design-process §3.1
**Disk spec:** `tasks/design/tasks/D-10-dashboard-reskin.md` · **Index:** `tasks/design/tasks/INDEX.md`
**Output:** dashboard routes — `/saved` (LIVE) · `/trips` (SHELL) · `/me/tickets`

Re-skin to 5-domain view from `dashboard-wireframe.html`. Post-revenue — must not block MVP. Can run parallel to D-09 once D-08 completes.

## Acceptance criteria

- [ ] `/saved`, `/trips`, `/me/tickets` match 5-zone dashboard wireframe layout
- [ ] Mobile responsive (stack zones · touch targets ≥44px)
- [ ] Design tokens + shadcn primitives from D-07
- [ ] Loading/empty/error on each zone (SCREEN-019)
- [ ] No new backend routes — re-skin only

### Proof

```bash
cd mdeapp && npm run floor && npm run build
```","Backlog",,"Medium","1faa8d97-2c93-4e56-b1e9-08a41013c980","UX","ai@socialmediaville.ca",,"phase:post-mvp, scr, track:ux",,,,,"2026-06-05T18:59:12.016Z","2026-06-08T05:59:29.778Z",,,,,,,"SAN-566","","6fc2a6cf-f9e3-4036-b3eb-52868f2c8533","M4 — Surface Re-skins",,"cc4b355a-f83c-4612-ae0a-3a8e0aec79c3",935,"SAN-276, SAN-274, SAN-259, SAN-253, SAN-572, SAN-573, SAN-574","",
"SAN-530","Sanjiovani","A11Y-001 — Mobile accessibility audit (VoiceOver / TalkBack)","## Product code

**A11Y-001** — Mobile accessibility audit (VoiceOver / TalkBack)

| Traceability | Value |
| -- | -- |
| Spec | `tasks/wireframes/mobile/a11y-001-mobile-accessibility.md` |
| Index | `tasks/wireframes/mobile/index-mobile.md` |
| Route | All |
| Persona | Lucía |

---

Disk spec is source of truth. Playwright + viewport evidence required before Done.

**Depends on:** SAN-489","Backlog",,"Medium","1faa8d97-2c93-4e56-b1e9-08a41013c980","UX","ai@socialmediaville.ca",,"phase:post-mvp, scr, stack:playwright, track:screens",,,,,"2026-06-02T23:43:37.461Z","2026-06-08T05:59:59.280Z",,,,,,,,"",,,,"22c598ef-a2f0-4e06-8122-d77e653cea1a",8170,"SAN-489","",
"SAN-519","Sanjiovani","SCREEN-028 — Cafes browse listing (/cafes)","## SCREEN-028 — Cafes browse listing (/cafes)

**Disk spec:** `tasks/venues/tasks/mvp/008-scr-cafes-browse-page.md` · **Nav checklist:** [SAN-584](https://linear.app/sanjiovani/issue/SAN-584/scr-002b-explore-sidebar-enable-nav-links-at-browse-done)

### Sidebar nav activation (Done gate — do not enable early)

- [ ] Sidebar nav activation only after browse route is production-ready:
  - [ ] Update `src/components/chat/chat-nav-rail.tsx`
  - [ ] Change `cafes` `href: null` → `/cafes`
  - [ ] Remove Coming soon disabled state
  - [ ] Playwright verifies `[data-testid=""nav-cafes-link""]` click → 200
  - [ ] Route has real catalog content, not placeholder/redirect/404

### Browse acceptance criteria

- [ ] `/cafes` HTTP 200 — public, no auth required
- [ ] ≥5 café cards from Supabase (`venue_kind = 'cafe'`)
- [ ] Neighborhood filter narrows results
- [ ] Map pins with `--map-pin-cafe` token
- [ ] 0 console errors
- [ ] Playwright `e2e/screens/SCREEN-028-cafes-browse.spec.ts` pass

### Depends on

SCREEN-021 · SCREEN-007 · MAP-001 · [SAN-490](https://linear.app/sanjiovani/issue/SAN-490/screen-023-restaurant-listings-page) template

**Do not enable sidebar link until all AC pass.**","Backlog",,"Medium","1faa8d97-2c93-4e56-b1e9-08a41013c980","UX","ai@socialmediaville.ca",,"phase:mvp, scr, stack:maps, stack:nextjs",,,,,"2026-06-02T16:01:22.562Z","2026-06-08T03:43:30.061Z",,,,,,,,"",,,,"523260ba-b81c-42d0-bb42-87b96564dd7e",5453,"SAN-490, SAN-584, SAN-566, SAN-575","",
"SAN-517","Sanjiovani","SCREEN-026 — User profile / account (/me/profile)","## SCREEN-026 — User profile / account (/me/profile)

**Layer:** APP · **Persona:** Camila, Roberto, Andrés · **Phase:** W7+ · **Path:** `/me/profile`

Authenticated user's account settings and profile page.

### Scope

* Display name, avatar, email (read-only from Supabase Auth)
* Notification preferences toggle
* Saved collections link → `/me/saved` (SCREEN-011)
* Tickets link → `/me/tickets` (SCREEN-015)
* For hosts (Roberto): link to `/host/events`
* Sign out button
* Danger zone: delete account (Phase 2)

### Acceptance criteria

- [ ] `/me/profile` HTTP 200, auth-gated (unauthenticated → `/login`)
- [ ] Profile data loads from `auth.users` + `profiles` table
- [ ] Notification prefs save to Supabase
- [ ] Sign out clears session and redirects to `/`
- [ ] 0 console errors

### Depends on

* F08 (auth middleware)
* SCREEN-011 (Saved Collections)
* SCREEN-015 (My Tickets)

**Tracking**

| Field | Value |
| -- | -- |
| Prefix | SCREEN |
| Phase | W7+ |
| Persona | Camila / Roberto / Andrés |
| Surface | `/me/profile` |
| Stack | Next.js 16, Supabase Auth, shadcn/ui |
","Backlog",,"Medium","1faa8d97-2c93-4e56-b1e9-08a41013c980","UX","ai@socialmediaville.ca",,"phase:post-mvp, scr, stack:nextjs, stack:supabase",,,,,"2026-06-02T16:01:16.005Z","2026-06-05T20:21:51.047Z",,,,,,,,"",,,,"d0d60fd3-d978-4237-9696-38a0e72a22b3",8632,"","",
"SAN-516","Sanjiovani","SCREEN-025 — Admin Leads / CRM (/admin/leads)","## SCREEN-025 — Admin Leads / CRM (/admin/leads)

**Layer:** APP · **Persona:** Patricia · **Phase:** W8 · **Path:** `/admin/leads`

CRM view for managing inbound leads from venue inquiries, rental requests, and chat-sourced contacts.

### Scope

* Lead list: name, source (venue/rental/event/chat), date, status (New / Contacted / Qualified / Closed)
* Filter by source type and status
* Lead detail: expand row → contact info, originating surface, notes field
* Status update dropdown per lead
* Export CSV (Phase 2)

### Acceptance criteria

- [ ] `/admin/leads` HTTP 200, auth-gated to `role = admin`
- [ ] Filter by source type works
- [ ] Status update persists to Supabase
- [ ] 0 console errors

### Depends on

* F08 (auth middleware)
* Supabase `leads` table (to be created in admin sprint)

### Wire spec

`tasks/venues/wireframes/` — to be created

**Tracking**

| Field | Value |
| -- | -- |
| Prefix | SCREEN |
| Phase | W8 (admin sprint) |
| Persona | Patricia |
| Surface | `/admin/leads` |
| Stack | Next.js 16, Supabase, shadcn/ui |
","Backlog",,"Medium","1faa8d97-2c93-4e56-b1e9-08a41013c980","UX","ai@socialmediaville.ca",,"phase:post-mvp, scr, stack:nextjs, stack:supabase",,,,,"2026-06-02T16:01:05.725Z","2026-06-05T20:21:51.085Z",,,,,,,,"",,,,"5d6c4205-a5cf-404d-87a2-20ceaf224419",8632,"","",
"SAN-515","Sanjiovani","SCREEN-024 — Admin Events dashboard (/admin/events)","## SCREEN-024 — Admin Events dashboard (/admin/events)

**Layer:** APP · **Persona:** Patricia · **Phase:** W8 · **Path:** `/admin/events`

Patricia's back-office view for reviewing, approving, and managing all events across hosts.

### Scope

* List all events (all hosts) with status filter: Drafts / Pending / Published / Cancelled
* Approve / reject pending events (triggers status → `approved`)
* Edit / delete any event (admin override)
* Bulk actions: approve selected, flag for review
* Link to public event page for preview
* Stats bar: total events, pending count, published this week

### Acceptance criteria

- [ ] `/admin/events` HTTP 200, auth-gated to `role = admin`
- [ ] Status filter chips work client-side
- [ ] Approve action updates `events.status` → `approved` in Supabase
- [ ] 0 console errors
- [ ] Mobile: table collapses to card list

### Depends on

* SCREEN-016 (Host Event Wizard — events exist to review)
* EVP-014 (Host Events List — Roberto side)
* F08 (auth middleware)

### Wire spec

`tasks/events/wireframes/` — to be created

**Tracking**

| Field | Value |
| -- | -- |
| Prefix | SCREEN |
| Phase | W8 (admin sprint) |
| Persona | Patricia |
| Surface | `/admin/events` |
| Stack | Next.js 16, Supabase, shadcn/ui |
","Backlog",,"Medium","1faa8d97-2c93-4e56-b1e9-08a41013c980","UX","ai@socialmediaville.ca",,"phase:post-mvp, scr, stack:nextjs, stack:supabase",,,,,"2026-06-02T16:00:53.956Z","2026-06-05T22:44:27.507Z",,,,,,,,"",,,,"bc978135-6eff-4f59-ab72-291fde2be312",8632,"SAN-586","",
"SAN-271","Sanjiovani","UIX-043 — WIRE-025 — Notifications","## Product code

**UIX-043** — WIRE-025 — Notifications

| Traceability | Value |
| -- | -- |
| Linear | SAN-271 |
| Spec | `WIRE-025` |
| Prefix | UIX |

*Catalog naming:* `scripts/linear-apply-prefix-catalog.mjs` *· Registry:* `tasks/linear/prefix-catalog.json`

---

## Purpose

**Source:** legacy `Notifications.tsx` · Mindtrip `11-updates-notifications.png`   **Persona:** Camila · **Path:** `/notifications` or nav **Updates** drawer · **Auth:** required · **P2**

## Goals

**Source:** legacy `Notifications.tsx` · Mindtrip `11-updates-notifications.png`   **Persona:** Camila · **Path:** `/notifications` or nav **Updates** drawer · **Auth:** required · **P2**

## Features

* Implement **Notifications** per spec

## Real-world example

**Source:** legacy `Notifications.tsx` · Mindtrip `11-updates-notifications.png`   **Persona:** Camila · **Path:** `/notifications` or nav **Updates** drawer · **Auth:** required · **P2**

## Persona & surface

* **Surface:** /notifications

## Where to view (exact URLs)

| Surface | Localhost | Production |
| -- | -- | -- |
| /notifications | [open](<http://localhost:3001/notifications>) | [open](<https://www.mdeai.co/notifications>) |

**Local dev:** `cd mdeapp && npm run dev` → confirm port on `[ui]` line (usually `:3001`).

## Tracking

| Field | Value |
| -- | -- |
| Task ID | `WIRE-025` |
| Spec | `tasks/screens/025-wire-notifications.md` |
| Type | wireframe / design spec |
| Repo status | Deferred |
| Priority | P2 |
| Phase | Phase 2+ |

---

*Spec file on disk is source of truth. Repo* `status: Done` *→ Linear **In Review** until user approves Done.*","Backlog",,"Medium","1faa8d97-2c93-4e56-b1e9-08a41013c980","UX","ai@socialmediaville.ca",,"phase:post-mvp, prefix:UIX, scr, stack:nextjs, stack:playwright",,,,,"2026-05-27T09:29:54.164Z","2026-06-05T20:21:51.154Z",,,,,,,,"",,,,"21c0a6f4-16e4-4dc1-9230-5b872f01c731",17663,"","",
"SAN-269","Sanjiovani","UIX-041 — WIRE-023 — Onboarding Wizard","## Product code

**UIX-041** — WIRE-023 — Onboarding Wizard

| Traceability | Value |
| -- | -- |
| Linear | SAN-269 |
| Spec | `WIRE-023` |
| Prefix | UIX |

*Catalog naming:* `scripts/linear-apply-prefix-catalog.mjs` *· Registry:* `tasks/linear/prefix-catalog.json`

---

## Purpose

**Source:** legacy `Onboarding.tsx`   **Persona:** New Camila / Tourist · **Path:** `/onboarding` · **Auth:** post-signup

## Goals

**Source:** legacy `Onboarding.tsx`   **Persona:** New Camila / Tourist · **Path:** `/onboarding` · **Auth:** post-signup

## Features

* Implement **Onboarding Wizard** per spec

## Real-world example

**Source:** legacy `Onboarding.tsx`   **Persona:** New Camila / Tourist · **Path:** `/onboarding` · **Auth:** post-signup

## Persona & surface

* **Surface:** /onboarding

## Where to view (exact URLs)

| Surface | Localhost | Production |
| -- | -- | -- |
| /onboarding | [open](<http://localhost:3001/onboarding>) | [open](<https://www.mdeai.co/onboarding>) |

**Local dev:** `cd mdeapp && npm run dev` → confirm port on `[ui]` line (usually `:3001`).

## Tracking

| Field | Value |
| -- | -- |
| Task ID | `WIRE-023` |
| Spec | `tasks/trips/wireframes/023-wire-onboarding-wizard.md` |
| Type | wireframe / design spec |
| Repo status | Deferred |
| Priority | P2 |
| Phase | Phase 2+ |

---

*Spec file on disk is source of truth. Repo* `status: Done` *→ Linear **In Review** until user approves Done.*","Backlog",,"Medium","1faa8d97-2c93-4e56-b1e9-08a41013c980","UX","ai@socialmediaville.ca",,"phase:post-mvp, prefix:UIX, scr, stack:nextjs, stack:playwright",,,,,"2026-05-27T09:29:52.949Z","2026-06-05T20:21:51.183Z",,,,,,,,"",,,,"f76cdf0d-b4c6-4bec-bfd3-e1e32bf9cf0e",17663,"","",
"SAN-444","Sanjiovani","UX-018 — Set ADK_GROUNDING_URL on Vercel (Phase 2)","**Track:** PR remediation · **PR-15** · Phase 2

**Spec:** `tasks/PR/tasks/PR-15-verify-adk-phase2.md`
**Index:** `tasks/PR/INDEX.md`

---

Verify `scripts/smoke-adk-grounding.mjs` is not committed to `main`. Flag Phase-2 leak; exclude from Phase-1 PRs.","Backlog",,"Medium","1faa8d97-2c93-4e56-b1e9-08a41013c980","UX","ai@socialmediaville.ca",,"track:pr, track:ux",,,,,"2026-05-31T19:04:16.871Z","2026-06-05T19:59:25.323Z",,,,,,,,"",,,,"22609232-a20e-4e41-b70f-3e0466b2d845",11329,"SAN-368","",
"SAN-364","Sanjiovani","AIA-013 — Clean up orphan cards and event citations","## Product code

**AIA-013** — Clean up orphan cards and event citations

| Traceability | Value |
| -- | -- |
| Linear | SAN-364 |
| Spec | `UX-010-M4` |
| Prefix | AIA |

*Catalog naming:* `scripts/linear-apply-prefix-catalog.mjs` *· Registry:* `tasks/linear/prefix-catalog.json`

---

**Spec:** `UX-010` · **IMP:** 102 · **Persona:** Camila

| Field | Value |
| -- | -- |
| Task ID | `UX-010` |
| Spec path | `UX-010` |
| Board group | area:concierge |

*Title updated by* `scripts/linear-apply-product-titles.mjs` *(2026-05-30).*

---

Delete orphaned `GroundingAttribution` + `grounded-place-card.tsx` + dead helpers; collapse event web-citations to **one** footer; demote/remove the `ChatResultsColumn` parallel results list. Risk: Med. Part of UX-010 (SAN-318).","Backlog",,"No priority","1faa8d97-2c93-4e56-b1e9-08a41013c980","UX","ai@socialmediaville.ca",,"area:concierge, phase:post-mvp, prefix:AIA, stack:copilotkit, stack:gemini, stack:mastra, track:ux",,,,,"2026-05-30T07:27:39.392Z","2026-06-05T19:59:25.360Z",,,,,,,"SAN-318","",,,,"46cb38a8-1d9a-4438-a914-3abc515af4ff",13466,"SAN-443","",
"SAN-822","Sanjiovani","UX-037 — Concierge improvements sprint (post SAN-733)","## UX-037 — Concierge Improvements Sprint (v2)

**Label:** `CHAT` · **View filter:** `label:CHAT`

**Follow-up:** [SAN-733](<https://linear.app/sanjiovani/issue/SAN-733>) (Done)

**Docs:** `docs/notes/june-9-chat-tasks.md` · `docs/notes/june-9-prompt.md`

### Optimized order (v2)

1. [SAN-823](<https://linear.app/sanjiovani/issue/SAN-823>) Rentals fast-path
2. [SAN-828](<https://linear.app/sanjiovani/issue/SAN-828>) CopilotKit smoke audit
3. [SAN-824](<https://linear.app/sanjiovani/issue/SAN-824>) Event pins
4. [SAN-827](<https://linear.app/sanjiovani/issue/SAN-827>) Nightlife prod-synthetic
5. [SAN-825](<https://linear.app/sanjiovani/issue/SAN-825>) Restaurant photos (measure first)
6. [SAN-826](<https://linear.app/sanjiovani/issue/SAN-826>) Café Place ID audit
7. [SAN-829](<https://linear.app/sanjiovani/issue/SAN-829>) Validation
8. [SAN-830](<https://linear.app/sanjiovani/issue/SAN-830>) Docs
9. [SAN-831](<https://linear.app/sanjiovani/issue/SAN-831>) PR

### Rules

One vertical at a time · test after each · separate commits · one PR at end · no new agents · no UI redesign

**Branch:** `ai/san-822-ux-037-concierge-improvements-sprint`","Todo",,"High","1faa8d97-2c93-4e56-b1e9-08a41013c980","UX","ai@socialmediaville.ca",,"area:concierge, CHAT, phase:mvp, stack:copilotkit, stack:mastra, stack:playwright, track:ux",,,,,"2026-06-08T15:03:27.243Z","2026-06-08T15:12:21.008Z",,,,,,"2026-06-15T15:03:28.558Z",,"",,,"MediumRisk","c4ae08d7-b862-4404-9f46-1692f89888ef",50,"SAN-407, SAN-733, SAN-406, SAN-485, SAN-484","",
"SAN-831","Sanjiovani","UX-046 — Concierge sprint: ship single PR (order 9)","## UX-046 — Ship PR (order **9**)

**Parent:** [SAN-822](<https://linear.app/sanjiovani/issue/SAN-822>) · **Label:** CHAT
**Blocked by:** [SAN-830](<https://linear.app/sanjiovani/issue/SAN-830>)

**Title:** `feat(concierge): improve search quality, map coverage and reliability`

**Magic words:** `Closes SAN-822`

**Branch:** `ai/san-822-ux-037-concierge-improvements-sprint`","Todo",,"High","1faa8d97-2c93-4e56-b1e9-08a41013c980","UX","ai@socialmediaville.ca",,"area:concierge, CHAT, phase:mvp, track:pr, track:ux",,,,,"2026-06-08T15:04:04.317Z","2026-06-08T15:12:39.070Z",,,,,,"2026-06-15T15:04:05.062Z","SAN-822","",,,"MediumRisk","f7fd46b2-1d64-4d29-80b3-d23cafed29dc",49,"","SAN-830",
"SAN-829","Sanjiovani","UX-044 — Concierge sprint: full validation gate (order 7)","## UX-044 — Validation (order **7**)

**Parent:** [SAN-822](<https://linear.app/sanjiovani/issue/SAN-822>) · **Label:** CHAT
**Blocked by:** [SAN-826](<https://linear.app/sanjiovani/issue/SAN-826>)

```bash
cd mdeapp && npm run lint && npm test -- --run
npm run typecheck && npm run floor
npx playwright test e2e/home-to-chat.spec.ts --project=chromium
node ../tasks/testing/scripts/chat-smoke.mjs --base https://www.mdeai.co
```

Evidence: `tasks/testing/evidence/YYYY-MM-DD/ux-044-floor/`","Todo",,"High","1faa8d97-2c93-4e56-b1e9-08a41013c980","UX","ai@socialmediaville.ca",,"area:concierge, CHAT, phase:mvp, stack:playwright, track:ux, type:test",,,,,"2026-06-08T15:03:55.272Z","2026-06-08T15:12:40.605Z",,,,,,"2026-06-15T15:03:56.190Z","SAN-822","",,,"MediumRisk","b70f7051-f5a1-4186-a916-77da687bc08b",49,"","SAN-826",
"SAN-323","Sanjiovani","UX-033 — Clear stale AdvancedMarker DOM after empty search","**Track:** UX polish · **UX-033** (supersedes UX-007)

**Spec:** `tasks/PR/ux/UX-033-clear-stale-advanced-markers.md`

**Blocked by:** [SAN-462](<https://linear.app/sanjiovani/issue/SAN-462>) soak · then after [SAN-437](<https://linear.app/sanjiovani/issue/SAN-437>) UX-023

**Prod:** `4de18f1`

---

## Status

| Gate | Result |
| -- | -- |
| Implementation | ⚪ Not started |
| Vercel | ⚪ Post-soak train |

Reproduce stale `gmp-advanced-marker` DOM after empty search → fix or regression e2e.","Todo",,"High","1faa8d97-2c93-4e56-b1e9-08a41013c980","UX","ai@socialmediaville.ca",,"phase:mvp, track:ux, ux-stack:21",,,,,"2026-05-29T23:27:19.472Z","2026-06-05T20:39:05.823Z",,,,,,"2026-06-10T00:15:09.497Z",,"",,,"MediumRisk","c944bf9f-0c60-4e59-9f72-436aadd27c56",13946,"SAN-324, SAN-574, SAN-462, SAN-320, SAN-322","",
"SAN-438","Sanjiovani","UX-024 — Hover and focus → pin highlight on RentalCard and EventCard","**Track:** UX · **ux-stack:14** · UX-024 hover→pin

**Spec:** `tasks/PR/ux/UX-024-hover-pin-parity.md`

**Depends:** ✅ [SAN-436](<https://linear.app/sanjiovani/issue/SAN-436>) UX-020 · **Blocked:** [SAN-462](<https://linear.app/sanjiovani/issue/SAN-462>) → [SAN-437](<https://linear.app/sanjiovani/issue/SAN-437>)

**Prod:** `4de18f1` · types shipped; hover parity not started

---

Hover/focus on RentalCard + EventCard → `panToPin` (CafeResultCard already does this).","Todo",,"High","1faa8d97-2c93-4e56-b1e9-08a41013c980","UX","ai@socialmediaville.ca",,"phase:mvp, track:ux, ux-stack:14",,,,,"2026-05-31T19:04:09.227Z","2026-06-05T20:39:05.769Z",,,,,,,,"",,,,"9243dd6e-8d9e-4971-b3c4-ee1d3b55293a",11329,"SAN-574, SAN-462","",
"SAN-443","Sanjiovani","UX-029 — Retire orphaned GroundedPlaceCard and dead grounding UI","**Track:** UX · **ux-stack:19** · UX-029 retire dead card

**Spec:** `tasks/PR/ux/UX-029-retire-grounded-place-card.md`

**Blocked:** [SAN-462](<https://linear.app/sanjiovani/issue/SAN-462>) soak → [SAN-437](<https://linear.app/sanjiovani/issue/SAN-437>) UX-023 first

**Prod:** `4de18f1`

---

Delete orphaned `GroundedPlaceCard` + tests; café path stays on `CafeResultCard`.","Todo",,"High","1faa8d97-2c93-4e56-b1e9-08a41013c980","UX","ai@socialmediaville.ca",,"phase:mvp, track:ux",,,,,"2026-05-31T19:04:13.542Z","2026-06-05T20:39:05.702Z",,,,,,"2026-06-10T00:15:09.194Z",,"",,,"MediumRisk","fba52176-6bca-4936-9fa3-792fcaf67ef4",11329,"SAN-574, SAN-462, SAN-442, SAN-364","",
"SAN-830","Sanjiovani","UX-045 — Concierge sprint: documentation update (order 8)","## UX-045 — Docs (order **8**)

**Parent:** [SAN-822](<https://linear.app/sanjiovani/issue/SAN-822>) · **Label:** CHAT
**Blocked by:** [SAN-829](<https://linear.app/sanjiovani/issue/SAN-829>)

Update: `docs/audits/concierge-audit.md` · `docs/notes/june-8-chat.md` · `docs/audits/launch-readiness.md`

Include before/after metrics + screenshots per vertical.","Todo",,"Medium","1faa8d97-2c93-4e56-b1e9-08a41013c980","UX","ai@socialmediaville.ca",,"area:concierge, CHAT, phase:mvp, track:ux",,,,,"2026-06-08T15:04:03.168Z","2026-06-08T15:12:45.238Z",,,,,,,"SAN-822","",,,,"496fe8e5-5e0c-47fb-b5e4-10841b557696",49,"","SAN-829",
"SAN-479","Sanjiovani","REAL-012 — Rental detail page (/rentals/[id])","## REAL-012 — Rental detail page (/rentals/\[id\])

**Layer:** APP · **Persona:** Camila · **Phase:** POST-MVP · **Path:** `/rentals/[id]`

Slide-in / full detail — gallery, schedule, save, chat return.

### Scope

* SSR/ISR listing from `apartments` by slug or id
* Gallery, price, amenities, host snippet
* CTAs: Schedule viewing, Save, ""Ask in chat""
* SEO metadata (POST-MVP)

### Acceptance criteria

- [ ] Valid slug loads; invalid → 404
- [ ] Only active listings public
- [ ] Schedule modal reuses REAL-006 component

### Depends on

REAL-011

**Spec:** `tasks/real-estate/tasks/RE-012-rental-detail-page.md`","Todo",,"Medium","1faa8d97-2c93-4e56-b1e9-08a41013c980","UX","ai@socialmediaville.ca",,"phase:phase2, prefix:REAL, scr, track:real",1,"Cycle 1","2026-06-08T05:00:00.000Z","2026-06-22T05:00:00.000Z","2026-06-02T12:41:02.898Z","2026-06-08T05:57:53.978Z",,,,,,,,"",,,,"655fef40-7a17-456d-82db-f86b26ffbb09",8698,"SAN-262","",
"SAN-521","Sanjiovani","MOB-CK-001 — CopilotKit v1 mobile best practices","## Product code

**MOB-CK-001** — CopilotKit v1 mobile best practices

| Traceability | Value |
| -- | -- |
| Spec | `tasks/wireframes/mobile/mob-ck-001-copilotkit-mobile-best-practices.md` |
| Index | `tasks/wireframes/mobile/index-mobile.md` |
| Route | / |
| Persona | Camila |

---

Disk spec is source of truth. Playwright + viewport evidence required before Done.

**Depends on:** [SAN-489](https://linear.app/sanjiovani/issue/SAN-489/screen-018-mobile-responsive-3-panel-shell)","In Progress",,"Urgent","1faa8d97-2c93-4e56-b1e9-08a41013c980","UX","ai@socialmediaville.ca","ai@socialmediaville.ca","phase:mvp, scr, stack:copilotkit, stack:nextjs, track:screens",,,,,"2026-06-02T23:43:06.851Z","2026-06-06T13:23:16.706Z","2026-06-02T23:43:07.383Z",,,,,"2026-06-03T23:43:07.494Z",,"",,,"Breached","12cdef81-ab72-417f-be91-549ed8600f80",8170,"SAN-489, SAN-462","",
"SAN-584","Sanjiovani","SCR-002b — Explore sidebar: enable nav links at browse Done","Explore sidebar Events nav enabled.

* PR #87 squash-merged → `main` @ `7137608`
* `chat-nav-rail.tsx`: `events.href` → `/events`
* Rentals + cafés remain disabled
* Prod smoke: `/` → click Events → `/events` (34 cards)
* Evidence: `tasks/testing/evidence/2026-06-06/san-584/RESULTS.md`","In Progress",,"High","1faa8d97-2c93-4e56-b1e9-08a41013c980","UX","ai@socialmediaville.ca","ai@socialmediaville.ca","phase:mvp, scr, stack:nextjs",1,"Cycle 1","2026-06-08T05:00:00.000Z","2026-06-22T05:00:00.000Z","2026-06-05T22:44:17.096Z","2026-06-06T02:43:09.558Z","2026-06-06T01:23:52.964Z",,,,,"2026-06-12T22:44:18.642Z",,"",,,"MediumRisk","0fe1c60d-b5cc-4c65-9279-634909e420eb",3678,"SAN-519, SAN-488, SAN-478, SAN-518, SAN-575, SAN-585","",
"SAN-566","Sanjiovani","Design Track — light-luxury re-skin + Concierge OS (D-01–D-14)","# Design Track — light-luxury re-skin + Concierge OS

**Track B** (design / re-skin). Rides **alongside** Track A (revenue) — **does not block MVP**. Sub-issues D-01…D-14.

**Source of truth:** `tasks/design/tasks/INDEX.md` (canonical queue) · `tasks/design/index-design.md` · `tasks/design/docs/design-process.md`

**Progress:** 7/14 Done (D-01–07) · **Next assignable: D-08 (**[SAN-574](https://linear.app/sanjiovani/issue/SAN-574/d-08-shared-browse-system-venuecard-browselayout)**)** — soak gate closed ([SAN-462](https://linear.app/sanjiovani/issue/SAN-462/ops-001-stable-beta-soak-gate-3-scheduled-prod-synthetic) Done)

## Locked decisions

* **LIGHT background — final** · **2 brand colors:** teal `--primary` + gold `--accent`
* **Code-first** · **70% shadcn / 20% 21st / 10% custom**
* **Routes:** re-skin existing (`/`, `/rentals`, `/restaurants`, `/nightlife`, `/cafes`) — **no** `/explore`

## Implementation order (strict)

| Step | Issue | Task | Status |
| -- | -- | -- | -- |
| 1–4 | [SAN-567](https://linear.app/sanjiovani/issue/SAN-567/d-01-ia-route-reconciliation)–570 | D-01–04 Foundation docs | ✅ Done |
| 5–6 | [SAN-571](https://linear.app/sanjiovani/issue/SAN-571/d-05-discovery-wireframe-flagship-ai-in-center)–572 | D-05–06 Wireframes | ✅ Done |
| 7 | [SAN-573](https://linear.app/sanjiovani/issue/SAN-573/d-07-p0-shadcn-install-tabscommandavatarcarouselsonnersidebar) | D-07 shadcn install | ✅ Done (PR #76 + #78) |
| 8 | [SAN-574](https://linear.app/sanjiovani/issue/SAN-574/d-08-shared-browse-system-venuecard-browselayout) | D-08 VenueCard | **Todo — start now** |
| 9 | [SAN-575](https://linear.app/sanjiovani/issue/SAN-575/d-09-re-skin-discovery-surfaces-existing-routes) | D-09 re-skin routes | Blocked (D-08) |
| 10a | [SAN-579](https://linear.app/sanjiovani/issue/SAN-579/d-13-re-skin-home-from-home-wireframe) | D-13 Home `/` | Blocked |
| 10b | [SAN-576](https://linear.app/sanjiovani/issue/SAN-576/d-10-re-skin-dashboard-must-not-block-mvp) | D-10 Dashboard | Blocked |
| 11 | [SAN-577](https://linear.app/sanjiovani/issue/SAN-577/d-11-map-workspace-pins-cards) | D-11 Map pins↔cards | Blocked |
| 12 | [SAN-578](https://linear.app/sanjiovani/issue/SAN-578/d-12-concierge-surface-grounded-ai-band) | D-12 Concierge band | Blocked |
| 13 | [SAN-580](https://linear.app/sanjiovani/issue/SAN-580/d-14-polish-proof-a11y-responsive-tests) | D-14 Polish + proof | Blocked |

**D-09 route order:** `/restaurants` + `/nightlife` first → `/rentals` after [SAN-478](https://linear.app/sanjiovani/issue/SAN-478/real-011-rental-browse-page-rentals) → `/cafes` after [SAN-519](https://linear.app/sanjiovani/issue/SAN-519/screen-028-cafes-browse-listing-cafes)

## Start now

**Assign** [SAN-574](https://linear.app/sanjiovani/issue/SAN-574/d-08-shared-browse-system-venuecard-browselayout) **(D-08)** — spec: `tasks/design/tasks/D-08-venue-card.md`","In Progress",,"Medium","1faa8d97-2c93-4e56-b1e9-08a41013c980","UX","ai@socialmediaville.ca",,"scr, track:ux",,,,,"2026-06-05T18:57:34.717Z","2026-06-05T22:44:28.566Z","2026-06-05T20:58:59.105Z",,,,,,,"",,,,"4aefc256-9ec0-4591-ba83-ecd182bf174b",4014,"SAN-462, SAN-519, SAN-490, SAN-491, SAN-478","",
"SAN-262","Sanjiovani","UIX-034 — SCREEN-008 — Schedule Viewing Modal (HITL Lead)","## Product code

**UIX-034** — SCREEN-008 — Schedule Viewing Modal (HITL Lead)

| Traceability | Value |
| -- | -- |
| Linear | SAN-262 |
| Spec | `SCREEN-008` |
| Prefix | UIX |

*Catalog naming:* `scripts/linear-apply-prefix-catalog.mjs` *· Registry:* `tasks/linear/prefix-catalog.json`

---

## Purpose

HITL modal → `chat-lead-capture` edge → confirmation card in thread. **MVP gate G2.**

## Goals

HITL modal → `chat-lead-capture` edge → confirmation card in thread. **MVP gate G2.**
As **Camila**, I want to pick a viewing time and submit my contact info, so the landlord gets a lead without WhatsApp.

Key outcomes:

* Modal validates required fields
* Submit creates row in `leads` (local/staging)
* Confirmation card appears in CopilotChat
* No OTA / external redirect

## Features

* Create `components/modals/schedule-viewing-modal.tsx` (`ui/dialog.tsx`)
* Fields: name, email, phone, preferred datetime, listing id
* Success/error states
* `renderAndWaitForResponse` pattern OR modal triggered from card with agent acknowledgment message
* Optional `useCopilotAction` mirror for `capture_lead` when tool lands
* New tool `capture_lead` (thin) → POST edge — implement in F47, wire UI here

## Real-world example

**Camila** on `Modal on `/` (and from venue sheet)` taps through the flow to to pick a viewing time and submit my contact info → the landlord gets a lead without WhatsApp.

## Persona & surface

* **Persona:** Camila
* **Surface:** Modal on `/` (and from venue sheet)

## Where to view (exact URLs)

| Surface | Localhost | Production |
| -- | -- | -- |
| Modal on `/` (and from venue sheet) | [open](<http://localhost:3001/>) | [open](<https://www.mdeai.co/>) |

**Local dev:** `cd mdeapp && npm run dev` → confirm port on `[ui]` line (usually `:3001`).

## Completion proof

* **Evidence file:** `tasks/evidence/SCREEN-008-evidence.md`
* **Summary:** Playwright: 2/2 · floor: exit 0
* **Playwright:** `../../../mdeapp/e2e/screens/SCREEN-008-*.spec.ts`
* **Agent must verify:** restart dev → localhost URLs above → same flow on [mdeai.co](<https://www.mdeai.co/>) before claiming ship.

## Tracking

| Field | Value |
| -- | -- |
| Task ID | `SCREEN-008` |
| Spec | `tasks/real-estate/wireframes/017-scr-schedule-viewing-modal.md` |
| Type | screen build spec |
| Repo status | Done |
| Priority | P0 |
| Phase | MVP Phase 2 |
| Depends on | SCREEN-005, SCREEN-007, F47, F12 |
| Wireframes | 010-wire-booking-checkout.md, 009-wire-rental-search.md |
| Evidence | `../notes/SCREEN-008-evidence.md` |

---

*Spec file on disk is source of truth. Repo* `status: Done` *→ Linear **In Review** until user approves Done.*","In Review",,"Urgent","1faa8d97-2c93-4e56-b1e9-08a41013c980","UX","ai@socialmediaville.ca",,"scr",1,"Cycle 1","2026-06-08T05:00:00.000Z","2026-06-22T05:00:00.000Z","2026-05-27T09:29:46.395Z","2026-06-06T10:44:43.851Z","2026-05-27T16:09:52.020Z",,,,,,,"",,,,"789cda03-08a3-4913-b6d2-99c8efcda704",17263,"SAN-716, SAN-479","",
"SAN-263","Sanjiovani","UIX-035 — SCREEN-004 — Workflow Progress Strip","## Product code

**UIX-035** — SCREEN-004 — Workflow Progress Strip

| Traceability | Value |
| -- | -- |
| Linear | SAN-263 |
| Spec | `SCREEN-004` |
| Prefix | UIX |

*Catalog naming:* `scripts/linear-apply-prefix-catalog.mjs` *· Registry:* `tasks/linear/prefix-catalog.json`

---

## Purpose

Visible step indicator during rental/event search (Mindtrip workflow strip).

## Goals

Visible step indicator during rental/event search (Mindtrip workflow strip).
As **Camila**, I want to see ""Searching → Ranking → Results"" steps, so I know the agent is working.

Key outcomes:

* Rental query shows ≥3 labeled steps before cards appear
* Strip clears or shows complete on results
* Event query uses same component with event labels
* No layout shift breaking CopilotChat input

## Features

* Create `components/chat/workflow-progress-strip.tsx`
* Mount from `chat-center-panel.tsx`
* States: idle | running | complete | error
* Phase A (MVP): Drive strip from tool-call in-progress / generative render loading (search-rentals, search-events) — do not block on workflow SSE
* Phase B (optional): Map step labels from workflow metadata or working memory when AG-UI exposes steps
* `rental-search-workflow`, `event-discovery-workflow` — expose step names in stream or working memory

## Real-world example

**Camila** on \`\`/` — below query bar or above CopilotChat messages` taps through the flow to to see ""searching → ranking → results"" steps → I know the agent is working.

## Persona & surface

* **Persona:** Camila
* **Surface:** `/` — below query bar or above CopilotChat messages

## Where to view (exact URLs)

| Surface | Localhost | Production |
| -- | -- | -- |
| `/` — below query bar or above CopilotChat messages | [open](<http://localhost:3001/>) | [open](<https://www.mdeai.co/>) |

**Local dev:** `cd mdeapp && npm run dev` → confirm port on `[ui]` line (usually `:3001`).

## Completion proof

* **Evidence file:** `tasks/evidence/SCREEN-004-evidence.md`
* **Summary:** floor: exit 0
* **Playwright:** `../../../mdeapp/e2e/screens/SCREEN-004-*.spec.ts`
* **Agent must verify:** restart dev → localhost URLs above → same flow on [mdeai.co](<https://www.mdeai.co/>) before claiming ship.

## Tracking

| Field | Value |
| -- | -- |
| Task ID | `SCREEN-004` |
| Spec | `tasks/screens/017-scr-workflow-progress-strip.md` |
| Type | screen build spec |
| Repo status | Done |
| Priority | P0 |
| Phase | MVP Phase 1 |
| Depends on | F49, SCREEN-001 |
| Wireframes | 002-wire-chat-chrome.md, 009-wire-rental-search.md |
| Evidence | `../notes/SCREEN-004-evidence.md` |

---

*Spec file on disk is source of truth. Repo* `status: Done` *→ Linear **In Review** until user approves Done.*","In Review",,"Urgent","1faa8d97-2c93-4e56-b1e9-08a41013c980","UX","ai@socialmediaville.ca",,"scr",1,"Cycle 1","2026-06-08T05:00:00.000Z","2026-06-22T05:00:00.000Z","2026-05-27T09:29:46.972Z","2026-06-05T20:20:45.466Z","2026-05-27T16:09:51.352Z",,,,,,,"",,,,"59316226-69d9-4899-bc58-4478b71ee616",17263,"","",
"SAN-259","Sanjiovani","UIX-031 — SCREEN-015 — My Tickets + QR","## Product code

**UIX-031** — SCREEN-015 — My Tickets + QR

| Traceability | Value |
| -- | -- |
| Linear | SAN-259 |
| Spec | `SCREEN-015` |
| Prefix | UIX |

*Catalog naming:* `scripts/linear-apply-prefix-catalog.mjs` *· Registry:* `tasks/linear/prefix-catalog.json`

---

**Task ID:** `SCREEN-015`
**Spec:** `tasks/archive/events-A/wireframes/015-scr-my-tickets-qr.md`
**Repo status:** Partial

## Verification 2026-05-27

**Not 100% Done** — moved from Done → In Review.

| Criterion | Status |
| -- | -- |
| `/me/tickets` route + QR UI | ✅ committed, PW 3/3 |
| Live paid order → QR | ❌ pending G1 (OPS-ANDRES-G1) |

Evidence: `tasks/evidence/SCREEN-015-evidence.md` § Acceptance ⚠️

**Unblocks when:** Stripe test checkout → `event_orders.status=paid` on prod.","In Review",,"Urgent","1faa8d97-2c93-4e56-b1e9-08a41013c980","UX","ai@socialmediaville.ca",,"scr",1,"Cycle 1","2026-06-08T05:00:00.000Z","2026-06-22T05:00:00.000Z","2026-05-27T09:29:44.453Z","2026-06-08T05:58:12.484Z","2026-05-27T16:05:30.216Z",,,,,,,"",,,,"46a91c0f-fca3-4b8a-8bbe-213c59c17357",17268,"SAN-248, SAN-576","",
"SAN-387","Sanjiovani","SEARCH-002 — Wire hybrid_search_events + event_signals","'> **Summary:** Andrés asks *""salsa events this weekend""* in chat and gets **event cards** — not hidden backend results. Hybrid search is **already on** `main`; ship the **PR #38** fast-path UI after soak passes.

**Who cares:** Andrés (tickets) · Tourist (salsa/fashion/live music) · Camila (same chat shell)

**Spec:** `tasks/data/tasks-data/SEARCH-002-event-hybrid.md` · **Open PR:** [amo-tech-ai/mdeapp#38](https://linear.app/sanjiovani/review/featsearch-search-002-events-live-in-concierge-fast-path-ui-5e0b01eb16c2)

---

## Scorecard

| Task | Feature | Use case | Real-world example | Score | Grade |
| -- | -- | -- | -- | -- | -- |
| Backend hybrid | `hybrid_search_events` + `event_signals` | Rank Medellín events in chat | *""Salsa this weekend near Provenza""* → Supabase rows ranked | **85%** | **B** |
| Fast-path UI (#38) | Event cards in concierge without full agent loop | Same query shows cards + pins fast | Andrés sees ticket cards on [mdeai.co/chat](<https://www.mdeai.co/chat>) | **15%** | **F** |
| **Overall** [SAN-387](https://linear.app/sanjiovani/issue/SAN-387/search-002-wire-hybrid-search-events-event-signals) | Event discovery in chat | Tourist finds a night out via AI | *""Live music this weekend""* → pick event → detail | **60%** | **D** |

**Wait gate:** Do **not** merge #38 until [SAN-462](<https://linear.app/sanjiovani/issue/SAN-462>) soak **3/3**.

---

## Flow

```mermaid
flowchart LR
    Q[User salsa this weekend] --> BE[hybrid_search_events on main]
    BE --> WAIT{Soak 3/3?}
    WAIT -->|no| HOLD[Hold PR 38]
    WAIT -->|yes| UI[Merge 38 fast-path cards]
    UI --> PROD[Cards on mdeai.co/chat]
```

---

## Steps

| Step | Action |
| -- | -- |
| 0 | Confirm backend on `main`: `intelligence-event-search.ts` |
| 1 | Wait [SAN-462](https://linear.app/sanjiovani/issue/SAN-462/ops-001-stable-beta-soak-gate-3-scheduled-prod-synthetic) **3/3** nightly prod synthetics |
| 2 | Review + merge [amo-tech-ai/mdeapp#38](https://linear.app/sanjiovani/review/featsearch-search-002-events-live-in-concierge-fast-path-ui-5e0b01eb16c2) |
| 3 | Prod chat: event query → cards visible |
| 4 | Linear [SAN-387](https://linear.app/sanjiovani/issue/SAN-387/search-002-wire-hybrid-search-events-event-signals) → Done with proof |

---

## Success criteria

| \# | Pass when |
| -- | -- |
| S1 | `hybrid_search_events` RPC returns rows (logs `hybrid_used`) |
| S2 | Web grounding only when <3 Supabase rows |
| S3 | PR #38 merged after soak |
| S4 | Prod chat shows **EventCard** for event queries |
| S5 | `npm run test -- search-events` green |
| S6 | `npm run floor` green on #38 |

---

## Production-ready checklist (#38 merge)

- [ ] [SAN-462](https://linear.app/sanjiovani/issue/SAN-462/ops-001-stable-beta-soak-gate-3-scheduled-prod-synthetic) soak **3/3**
- [ ] PR #38 floor green
- [ ] Not mixing commerce / unrelated UX
- [ ] Prod: *""salsa this weekend""* → ≥1 event card
- [ ] `search_logs` shows hybrid path on prod
- [ ] Linear [SAN-387](https://linear.app/sanjiovani/issue/SAN-387/search-002-wire-hybrid-search-events-event-signals) → Done

---

## Tests / verify

**Backend (now):**

```bash
cd mdeapp
npm run test -- --run src/mastra/lib/__tests__/intelligence-event-search.test.ts
npm run test -- --run src/mastra/tools/__tests__/search-events
```

**After #38 merge:**

```bash
npm run floor
# prod smoke: chat event query → cards
```

---

## Already on `main` (do not rebuild)

* `src/mastra/lib/intelligence-event-search.ts`
* `search-events.ts` intelligent path + try/catch (PR-01)
* RPC `hybrid_search_events` in Supabase

---

## Out of scope

* Close obsolete PR #19 (separate PR-11 / [SAN-432](https://linear.app/sanjiovani/issue/SAN-432/ux-017-superseded-pr-19-rebase-canceled-use-pr-32))
* Stripe / ticket checkout (Commerce)
* Real-time event ingest (EVP)","In Review",,"High","1faa8d97-2c93-4e56-b1e9-08a41013c980","UX","ai@socialmediaville.ca",,"phase:mvp, track:ux",,,,,"2026-05-30T11:22:41.515Z","2026-06-05T22:44:27.507Z","2026-05-30T13:26:07.640Z",,,,,,,"",,,,"1e311755-ad21-4bec-8694-57ccddcf59c4",11551,"SAN-385, SAN-380, SAN-462, SAN-586","",
"SAN-112","Sanjiovani","UX-012 — Login and signup polish","## Product code

**UIX-003** — Login / Signup Polish

| Traceability | Value |
| -- | -- |
| Linear | [SAN-112](https://linear.app/sanjiovani/issue/SAN-112/ux-012-login-and-signup-polish) |
| Spec | `SCREEN-017` |
| Prefix | UIX |

---

## Purpose

Align auth pages with wireframe 24 + Paisa tokens (F07); clear return URLs for checkout/leads.

## Goals

As **Andrés**, I want a fast login before checkout, so I return to the ticket modal after auth.

Key outcomes:

* Login/signup match brand tokens
* `next` redirect works after auth
* English only UI copy

## Features shipped (2026-06-02)

* Added mdeai sparkle logo (`<Sparkles>` icon + ""mdeai"" brand text in primary color) above card title
* `data-testid` attributes on card, email input, magic-link button, Google button, error alert
* `auth-email-form.tsx` fully uses shadcn base-nova components (`Input`, `Label`, `Card`, `Button`)
* Redirect param support (`?next=/events/...`) confirmed working

## Real-world example

**Andrés** on `/login`, `/signup` taps through the flow to a fast login before checkout → returns to the ticket modal after auth.

## Persona & surface

* **Persona:** Andrés
* **Surface:** `/login`, `/signup`

## Evidence

* Screenshots: `mdeapp/tmp/screenshots/SCREEN-017/login.png`, `signup.png`
* Evidence file: `tasks/notes/SCREEN-017-evidence.md`
* Browser MCP: 0 console errors on both routes
* TypeScript: clean

## Tracking

| Field | Value |
| -- | -- |
| Task ID | `SCREEN-017` |
| Spec | `tasks/wireframes/screens/017-scr-login-signup-polish.md` |
| Type | screen build spec |
| Repo status | Done |
| Priority | P1 |
| Phase | mvp |
| Depends on | F08 ✅ |
| Wireframes | 024-wire-auth-login-signup.md |
| Evidence | `tasks/notes/SCREEN-017-evidence.md` |

---

*Repo status Done → Linear **In Review** until user approves Done.*","In Review",,"High","1faa8d97-2c93-4e56-b1e9-08a41013c980","UX","ai@socialmediaville.ca",,"phase:mvp, prefix:ATH, scr, track:ux",1,"Cycle 1","2026-06-08T05:00:00.000Z","2026-06-22T05:00:00.000Z","2026-05-27T05:49:19.048Z","2026-06-05T19:59:24.537Z","2026-06-02T14:49:36.498Z",,,,,,,"",,,,"20b32b0b-0bd5-48a6-a960-8cc088b45c48",8704,"","",
"SAN-111","Sanjiovani","UX-011 — Map exploration panel","## Product code

**UIX-002** — Map Exploration Right Panel

| Traceability | Value |
| -- | -- |
| Linear | SAN-111 |
| Spec | `SCREEN-010` |
| Prefix | UIX |

*Catalog naming:* `scripts/linear-apply-prefix-catalog.mjs` *· Registry:* `tasks/linear/prefix-catalog.json`

---

## Purpose

Polish right map column: layer toggles, empty state, pin legend, attribution placement per wireframe 08.

## Goals

Polish right map column: layer toggles, empty state, pin legend, attribution placement per wireframe 08.
As a **Tourist**, I want map layers and clear empty states, so I understand what's on the map during chat.

Key outcomes:

* Map shows empty state before first search
* Rental/event pins render with mapId
* Grounding attribution visible on ADK results
* Layer toggle UI present (can stub categories)

## Features

* `components/chat/chat-map-panel.tsx` — header, layer chips
* `components/maps/map-layer-controls.tsx` new (MAP-007 scope)
* Empty state when zero pins
* Read pin count from MapContext for empty state
* `AdvancedMarker` + `mapId` (MAP-008 ✅)
* `GroundingAttribution` visible when ADK pins (MAP-002 ✅)

## Real-world example

**a** on `` /` — right column `chat-map-panel.tsx` / `ChatMap.tsx `` taps through the flow to map layers and clear empty states → I understand what's on the map during chat.

## Persona & surface

* **Persona:** a
* **Surface:** `/` — right column `chat-map-panel.tsx` / `ChatMap.tsx`

## Where to view (exact URLs)

| Surface | Localhost | Production |
| -- | -- | -- |
| `/` — right column `chat-map-panel.tsx` / `ChatMap.tsx` | [open](<http://localhost:3001/>) | [open](<https://www.mdeai.co/>) |

**Local dev:** `cd mdeapp && npm run dev` → confirm port on `[ui]` line (usually `:3001`).

## Tracking

| Field | Value |
| -- | -- |
| Task ID | `SCREEN-010` |
| Spec | `tasks/maps/wireframes/011-scr-map-exploration-panel.md` |
| Type | screen build spec |
| Repo status | Not Started |
| Priority | P1 |
| Phase | mvp |
| Depends on | MAP-001, MAP-008, F49 |
| Wireframes | 011-wire-map-exploration.md |
| Evidence | `../notes/SCREEN-010-evidence.md` |

---

*Spec file on disk is source of truth. Repo* `status: Done` *→ Linear **In Review** until user approves Done.*","In Review",,"Medium","1faa8d97-2c93-4e56-b1e9-08a41013c980","UX","ai@socialmediaville.ca",,"phase:mvp, prefix:MAP, scr, track:ux",,,,,"2026-05-27T05:49:18.372Z","2026-06-05T19:59:24.604Z","2026-05-27T06:39:21.017Z",,,,,,,"",,,,"70c7c8c9-8643-447e-8ec5-3a31777d9e2d",17834,"","SAN-113",
"SAN-715","Sanjiovani","FE — Checkout states: decline / 3DS / wallet / empty (SCREEN-009 for PAY-001)","## FE — Checkout states: decline / 3DS / wallet / empty (SCREEN-009 for PAY-001)

**Launch-critical frontend.** The ticket checkout modal (SCREEN-009 / [SAN-248](https://linear.app/sanjiovani/issue/SAN-248/uix-020-screen-009-booking-checkout-modal-stripe)) covers the happy path, but the **failure + edge states aren't designed** — and PAY-001 (live ticket purchase) can't be proven robust without them.

### Screens to design + build

* **Card decline** (insufficient funds / generic) — clear retry CTA
* **3DS / authentication** in-progress + return states
* **Apple Pay / Google Pay** button states (above the card form)
* **Empty cart / expired session / sold-out tier** states
* **Network error** during checkout → safe retry (idempotent, no double-charge)
* Success → QR handoff to `/me/tickets`

### Acceptance

- [ ] Andrés sees a clear message + retry on a declined card (Stripe test cards)
- [ ] Wallet buttons render on supported devices
- [ ] No double-charge on retry; webhook remains source of truth
- [ ] Playwright covers decline + success paths

Relates [SAN-248](https://linear.app/sanjiovani/issue/SAN-248/uix-020-screen-009-booking-checkout-modal-stripe) (SCREEN-009 modal) · supports [SAN-178](https://linear.app/sanjiovani/issue/SAN-178/pay-001-live-ticket-purchase-on-production) (PAY-001). Source: `docs/audit/mvp-readiness-audit.md`.","Done",,"Urgent","1faa8d97-2c93-4e56-b1e9-08a41013c980","UX","ai@socialmediaville.ca","ai@socialmediaville.ca","area:payments, phase:launch, scr, stack:nextjs, stack:stripe, track:screens",1,"Cycle 1","2026-06-08T05:00:00.000Z","2026-06-22T05:00:00.000Z","2026-06-07T14:57:38.932Z","2026-06-08T05:58:13.774Z","2026-06-08T03:58:39.014Z",,"2026-06-08T04:56:37.576Z",,,"2026-06-08T14:57:39.992Z",,"",,,"Completed","8971b410-b341-4b17-b9c4-8db07b9008e6",657,"SAN-178, SAN-248, SAN-115","",
"SAN-488","Sanjiovani","SCREEN-002 — Chat Nav Rail + Thread List","## Purpose

Build the persistent left nav rail in the `/` chat 3-panel shell: thread list, New Chat button, Saved + Trips nav links. This is a P0 MVP blocker — the current chat surface has no nav rail at all.

## Goals

As **Camila** (renter), I want to see my past chat threads and start new ones, so I can continue conversations across sessions.

Key outcomes:

* Thread list showing past concierge conversations (title + timestamp)
* ""New chat"" button at top of rail
* Saved + Trips nav links below thread list
* Mobile: drawer variant (hamburger → slide-in)
* Keyboard accessible (focus trap in drawer, Esc closes)

## Tracking

| Field | Value |
| -- | -- |
| Task ID | `SCREEN-002` |
| Spec | `tasks/wireframes/screens/002-scr-chat-nav-rail.md` |
| Wire | `tasks/wireframes/screens/002-wire-chat-chrome.md` |
| Priority | P0 |
| Phase | mvp |
| Depends on | SCREEN-001 ✅, F48 (thread persistence) |
| Blocks | SCREEN-011 (Saved Collections) |
| Effort | 3–4h |

## Surfaces

* `/` — desktop nav rail (left panel of 3-column grid)
* `/` — mobile drawer (hamburger trigger in header)

## Acceptance criteria

- [ ] Thread list renders from F48 thread store
- [ ] New Chat clears active thread
- [ ] Saved + Trips links navigate correctly
- [ ] Mobile drawer opens/closes, focus trapped
- [ ] No console errors

---

*Spec file on disk is source of truth. Repo* `status: Done` *→ Linear **In Review** until user approves Done.*","Done",,"Urgent","1faa8d97-2c93-4e56-b1e9-08a41013c980","UX","ai@socialmediaville.ca","ai@socialmediaville.ca","scr",,,,,"2026-06-02T14:49:45.279Z","2026-06-05T22:44:17.096Z","2026-06-02T16:56:17.143Z",,"2026-06-02T18:34:09.339Z",,,"2026-06-03T14:49:46.269Z",,"",,,"Completed","b37f37c5-c9cf-451b-810a-bbec73fa0c63",8479,"SAN-584","",
"SAN-489","Sanjiovani","SCREEN-018 — Mobile Responsive 3-Panel Shell","## Purpose

Make the chat 3-panel shell fully responsive for mobile. Currently all mobile users hit the unmodified desktop layout — no bottom sheet, no single-column stack, no mobile map drawer.

## Goals

As **Camila** on her phone, I want the chat surface to work on mobile so I can browse rentals while out in Medellín.

Key outcomes:

* Single-column stack on mobile (chat fills screen; map + results hidden)
* Floating ""Open map"" FAB → bottom sheet for map panel
* Bottom sheet for venue/rental detail (replaces side panel)
* Nav rail collapses to hamburger drawer (SCREEN-002)
* Results column hidden on mobile; shown via sheet or inline scroll

## Tracking

| Field | Value |
| -- | -- |
| Task ID | `SCREEN-018` |
| Spec | `tasks/wireframes/screens/018-scr-mobile-responsive-shell.md` |
| Wire | `tasks/wireframes/screens/002-wire-chat-chrome.md` |
| Priority | P0 |
| Phase | mvp |
| Depends on | SCREEN-001 ✅, F48, MAP-007B |
| Effort | 3–4h |

## Surfaces

* `/` — full 3-panel shell at mobile breakpoint (`< lg`)
* All chat sub-surfaces (rentals, events, restaurants)

## Acceptance criteria

- [ ] Mobile viewport: single column, chat fills screen
- [ ] ""Open map"" FAB visible on mobile, triggers bottom sheet
- [ ] Bottom sheet for detail panels (venue/rental/event)
- [ ] No horizontal scroll on mobile
- [ ] Passes Lighthouse mobile score ≥ 90

---

*Spec file on disk is source of truth. Repo* `status: Done` *→ Linear **In Review** until user approves Done.*","Done",,"Urgent","1faa8d97-2c93-4e56-b1e9-08a41013c980","UX","ai@socialmediaville.ca","ai@socialmediaville.ca","phase:mvp, scr, track:screens",,,,,"2026-06-02T14:49:54.538Z","2026-06-08T05:59:59.323Z","2026-06-02T22:36:11.172Z",,"2026-06-02T23:38:49.017Z",,,"2026-06-03T14:49:55.438Z",,"",,,"Completed","4cb856c4-36d7-4336-9db0-7f33f6bd99ba",8174,"SAN-530, SAN-529, SAN-528, SAN-527, SAN-526, SAN-525, SAN-524, SAN-523, SAN-522, SAN-521","",
"SAN-318","Sanjiovani","UX-010 — Unified result cards M0–M5","## UX-010 — Unified result cards M0–M5

**Status (2026-06-01):** ✅ **Done** — G2c + G2d complete on production.

### Production

| Milestone | SHA | PR |
| -- | -- | -- |
| G2c cards + CK | `cd7fb09` | #29, #30 |
| G2d café fast path | `a8b33a2` (includes `259f1ef`) | #33 |

**Prod URL:** [https://www.mdeai.co](<https://www.mdeai.co>)

### G2d smoke (final)

| Query | Result |
| -- | -- |
| Rentals | ✅ |
| Events | ✅ |
| Restaurants | 🟡 photo placeholders |
| Cafés | ✅ after #33 |
| CK idle | ✅ |

**Evidence:** `tasks/testing/evidence/prod-smoke-2026-06-01.md` · `prod-smoke/04-cafes-hotfix.png`

**Readiness:** \~92/100 (restaurant photos non-blocking).

**View:** [UX tasks](<https://linear.app/sanjiovani/view/ux-tasks-0e5d9fe91725>)","Done",,"Urgent","1faa8d97-2c93-4e56-b1e9-08a41013c980","UX","ai@socialmediaville.ca","ai@socialmediaville.ca","area:concierge, phase:post-mvp, prefix:AIA, stack:copilotkit, stack:gemini, stack:mastra, track:ux",,,,,"2026-05-29T23:27:07.388Z","2026-06-05T20:39:06.026Z","2026-05-29T23:27:07.424Z",,"2026-06-01T12:52:08.355Z",,,,,"",,,,"f5a026da-c9a0-4f86-9b3f-d14b46dd4a3c",10261,"SAN-434, SAN-442, SAN-324, SAN-430, SAN-431, SAN-429, SAN-439, SAN-428, SAN-441, SAN-320, SAN-427, SAN-435, SAN-436, SAN-574, SAN-433","",
"SAN-320","Sanjiovani","UX-015 — Ship PR #17 error bridge; split search commits out","**Track:** UX PR-stack remediation · **ux-stack:01**

**Spec:** `tasks/ux/tasks/UX-015-ship-pr17-error-bridge-split-scope.md`

**Index:** [`tasks/ux/tasks/INDEX.md`](<../../tasks/ux/tasks/INDEX.md>)

**View:** [UX tasks](<https://linear.app/sanjiovani/view/ux-tasks-0e5d9fe91725>)

**Depends:** \[\]

---

# UX-015 — Ship PR #17 error bridge; split search commits out

## Plain-English problem

PR #17 on GitHub was missing the bridge; **local branch @ a8d2e26 now has it mounted** — but uses `@copilotkit/react-core/v2` (**CLAUDE.md violation**). Push after v1 fix.

## 🔴 Blocker — v2 import

```4:4:mdeapp/src/components/copilot/concierge-agent-error-bridge.tsx
import { useCopilotKit } from ""@copilotkit/react-core/v2"";
```

Replace with CopilotKit **1.55.2 v1** error subscription pattern (`copilotkit-integrations` skill + Mastra example). **Do not merge** until resolved.

## Files (verified on disk)

| File | Status |
| -- | -- |
| `src/components/copilot/concierge-agent-error-bridge.tsx` | ✅ exists |
| `src/components/chat/chat-center-panel.tsx:40` | ✅ mounted |
| `src/components/chat/concierge-chat-input.tsx:108-113` | ✅ try/catch → `reportConciergeError()` |

## Out of scope (move to separate PRs)

| Commit / topic | Target |
| -- | -- |
| B-09 event classifier | UX-019 on `main` |
| B-10 café restaurant fallback | Superseded by UX-013 |
| `supabase/` migrations/seeds chore | Already `chore(supabase)` slice — separate PR if not merged |
| Search hybrid fixes | SEARCH / main slices |

## Implementation steps

1. `git fetch origin` — confirm remote vs local diff on #17 branch.
2. Interactive rebase or cherry-pick: **UX-only commits** onto clean `feat/ux-002-005-chat`.
3. Push bridge + try/catch + UX-005; force-with-lease only if branch owner agrees.
4. Update PR #17 description: files touched, local smoke PASS reference.
5. Run `npm test` (Vitest error + pending-store suites) before push. **No** `smoke:ux005-thinking` **script exists** — do not invoke it; cover the thinking-indicator via the existing Vitest pending-store tests.

## Tests required

* Existing Vitest error + pending-store suites green.
* Thinking indicator covered by Vitest pending-store tests (no `smoke:ux005-thinking` script — confirmed absent in `package.json`).

## Acceptance criteria

- [ ] GitHub PR #17 diff includes `ConciergeAgentErrorBridge` + mount.
- [ ] GitHub PR #17 diff includes `onSend` try/catch.
- [ ] **No** `@copilotkit/react-core/v2` **imports** in bridge (v1-only).
- [ ] No B-09/B-10/search-grounded changes in #17 diff.
- [ ] Vitest error + pending store tests green (no `smoke:ux005` script — use Vitest).
- [ ] Ready for merge to `main` before #19.

## Flow diagram

```mermaid
sequenceDiagram
    participant U as Tourist
    participant In as ConciergeChatInput
    participant Br as ConciergeAgentErrorBridge
    participant CK as CopilotKit runtime
    participant UI as ConciergeErrorNotice

    U->>In: send message
    In->>CK: onSend (agent run)
    CK--xIn: throw / RUN_ERROR
    In->>UI: reportConciergeError (try/catch)
    CK-->>Br: subscribe onError (no publicApiKey)
    Br->>UI: reportConciergeError
    UI-->>U: error bubble + Retry
```

## Verification (2026-05-31)

| Claim | Result |
| -- | -- |
| Bridge file exists | ✅ Verified |
| try/catch on onSend | ✅ L108-113 |
| v1-only CopilotKit | 🔴 v2 import — fix required |
| Pushed to origin | ❌ Not verified — push pending |

## Merge gate G1

Merge #17 → Vercel prod → verify error path on self-hosted runtime (no publicApiKey).

## Do not overbuild

* Do not add Playwright here — UX-016.
* Do not merge #19 in same PR.","Done",,"Urgent","1faa8d97-2c93-4e56-b1e9-08a41013c980","UX","ai@socialmediaville.ca","ai@socialmediaville.ca","track:ux, ux-stack:01",1,"Cycle 1","2026-06-08T05:00:00.000Z","2026-06-22T05:00:00.000Z","2026-05-29T23:27:08.956Z","2026-06-05T19:59:25.500Z","2026-05-30T12:35:23.636Z",,"2026-06-01T10:53:05.338Z",,,,,"",,,,"1eaec6f2-9517-4095-8750-582e3aa334c6",10380,"SAN-323, SAN-321, SAN-432, SAN-430, SAN-322, SAN-316, SAN-318, SAN-319","",
"SAN-324","Sanjiovani","UX-027 — Fix RentalCard production copy leaks","**Track:** UX PR-stack remediation · **ux-stack:11**

**Spec:** `tasks/ux/tasks/UX-027-rental-card-copy-leaks.md`

**Index:** [`tasks/ux/tasks/INDEX.md`](<../../tasks/ux/tasks/INDEX.md>)

**View:** [UX tasks](<https://linear.app/sanjiovani/view/ux-tasks-0e5d9fe91725>)

**Depends:** \[\]

---

# UX-027 — RentalCard copy leaks (P0 quick win)

## Changes

| Location | Before | After |
| -- | -- | -- |
| Photo placeholder | `""Photo soon""` | `""Photo""` or empty alt-only |
| Save `title` | `""Saved collections ship with SCREEN-011""` | `""Save for later (coming soon)""` (align UX-008) |

## File

`mdeapp/src/components/copilot/rental-card.tsx`

## Acceptance

- [X] No internal ticket IDs in DOM/inspector (`title=""Save for later (coming soon)""` @ L186).
- [X] Photo placeholder cleaned (commit a8d2e26).
- [ ] Merged to `main` / prod deploy — verify after #17 merge.

## Flow diagram

```mermaid
flowchart LR
  Card[RentalCard] --> DOM[Browser DOM]
  DOM -->|before| Leak[""SCREEN-011 in title ❌""]
  DOM -->|after| OK[""Save for later coming soon ✅""]
```

## Verification (2026-05-31)

| Claim | Result |
| -- | -- |
| Save title fixed | ✅ L186 |
| On main | ❌ Branch-only until merge |
","Done",,"Urgent","1faa8d97-2c93-4e56-b1e9-08a41013c980","UX","ai@socialmediaville.ca",,"track:ux, ux-stack:11",,,,,"2026-05-29T23:27:22.301Z","2026-06-05T19:59:25.551Z","2026-05-31T19:04:07.578Z",,"2026-06-01T10:53:03.648Z",,,,,"",,,,"f5eafe57-cd6d-468e-8fb5-3b900b863835",10380,"SAN-323, SAN-321, SAN-318","",
"SAN-315","Sanjiovani","UX-001 — Restore AI concierge on production","## Product code

**AIA-001** — Restore AI concierge on production

| Traceability | Value |
| -- | -- |
| Linear | SAN-315 |
| Spec | `UX-001` |
| Prefix | AIA |

*Catalog naming:* `scripts/linear-apply-prefix-catalog.mjs` *· Registry:* `tasks/linear/prefix-catalog.json`

---

**Spec:** `UX-001` · **IMP:** 097 · **Persona:** Tourist

| Field | Value |
| -- | -- |
| Task ID | `UX-001` |
| Spec path | `UX-001` |
| Board group | area:concierge |

*Title updated by* `scripts/linear-apply-product-titles.mjs` *(2026-05-30).*

---

**Track:** UX prod remediation (Tier 1C) · **IMP-097** · **ux-order:08**

**Spec:** `tasks/ux/UX-001-restore-concierge-agent-prod.md`

**Status:** 🟢 Shipped PR #13 (2026-05-28) — same-origin `/api/copilotkit`, concierge green on prod.

---

Diagnose-and-fix task for prod `RUN_ERROR`/`EAUTHTIMEOUT`. Root cause was Cloud v2 routing; fix landed in `copilotkit-client-props.ts`.

---

## 🎯 Goal

Camila's `/` chat reaches `conciergeAgent` on prod with no `EAUTHTIMEOUT` — the agent that was silently timing out now answers rentals / cafés / events. (Shipped via PR #13; this issue is the canonical record + monitor anchor for UX-009.)

## 📝 Description

Prod booted CopilotKit in **Cloud mode** (`NEXT_PUBLIC_COPILOTKIT_PUBLIC_API_KEY` set → `publicApiKey` branch in `src/lib/copilotkit-client-props.ts`). A Cloud/v2 runtime can't reach the in-process Mastra agents from `MastraAgent.getLocalAgents`, so every concierge turn died with `(EAUTHTIMEOUT) … INCOMPLETE_STREAM`. The backend was healthy throughout — `ai_runs` logged 504 successful runs. Fix = force the same-origin **Pattern-1** route and unset `publicApiKey` on Vercel.

## ✨ Features / Acceptance

- [ ] `POST https://www.mdeai.co/api/copilotkit` streams a 200 for a concierge turn
- [ ] No `EAUTHTIMEOUT` / `INCOMPLETE_STREAM` in prod logs on the happy path
- [ ] `NEXT_PUBLIC_COPILOTKIT_PUBLIC_API_KEY` unset on Vercel prod
- [ ] `route.ts` exports `maxDuration = 60`

## 🧱 Tech stack

CopilotKit 1.55.2 (v1, same-origin) · Mastra in-process (`getLocalAgents`) · Gemini `gemini-3.5-flash` · Vercel env · Supabase `ai_runs`.

## 🔧 What's needed

Vercel env access (unset the public key), a prod redeploy, and a prod POST smoke. No schema change. Unblocks **UX-009** (monitor) and **UX-004** (chip gate).

## 🤖 Agents

**Product:** `conciergeAgent` (`src/mastra/agents/concierge.ts`). **Drive with:** `copilotkit-debug` + `mde-vercel` skills; `codex:codex-rescue` for an independent root-cause read.

## 🔌 Wiring

* **Frontend:** `src/lib/copilotkit-client-props.ts` (drop the `publicApiKey` branch on prod), provider in `src/app/layout.tsx`.
* **Backend:** `src/app/api/copilotkit/route.ts` (`maxDuration=60`, same-origin runtime) → `src/mastra/index.ts` → `src/mastra/agents/concierge.ts`.

## 🗺️ Diagram

```mermaid
sequenceDiagram
  participant U as Camila /
  participant CK as CopilotKit client
  participant R as /api/copilotkit
  participant M as Mastra (in-proc)
  participant G as Gemini 3.5-flash
  Note over CK: BUG — publicApiKey set → Cloud mode
  U->>CK: ""apartments in Poblado""
  CK--xR: Cloud runtime can't reach getLocalAgents
  R-->>U: RUN_ERROR EAUTHTIMEOUT
  Note over CK,R: FIX — unset publicApiKey → same-origin Pattern-1
  U->>CK: ""apartments in Poblado""
  CK->>R: POST /api/copilotkit
  R->>M: getLocalAgents → conciergeAgent
  M->>G: generate
  G-->>U: streamed cards + pins
```","Done",,"Urgent","1faa8d97-2c93-4e56-b1e9-08a41013c980","UX","ai@socialmediaville.ca",,"area:concierge, phase:launch, prefix:AIA, stack:copilotkit, stack:gemini, stack:mastra, track:ux",,,,,"2026-05-29T23:26:57.353Z","2026-06-05T19:59:25.592Z",,,"2026-05-29T23:26:57.413Z",,,,,"",,,,"4e7e3561-6908-4ec6-b8e7-7247ce5684ca",13946,"","",
"SAN-248","Sanjiovani","UIX-020 — SCREEN-009 — Booking Checkout Modal + Stripe","## Product code

**UIX-020** — SCREEN-009 — Booking Checkout Modal + Stripe

| Traceability | Value |
| -- | -- |
| Linear | [SAN-248](https://linear.app/sanjiovani/issue/SAN-248/uix-020-screen-009-booking-checkout-modal-stripe) |
| Spec | `SCREEN-009` |
| Prefix | UIX |

---

## Purpose

Tier picker → `ticket-checkout` edge → Stripe redirect. **MVP gate G1.**

As **Andrés**, I want to buy a ticket inside mdeai, so I never get sent to Expedia-style OTAs.

Key outcomes:

* Modal never calls Stripe API from browser directly
* POST ticket-checkout returns session URL
* Webhook sets `event_orders.status=paid`
* User returns to success URL with confirmation UX

## Features

* Create `components/modals/booking-checkout-modal.tsx`
* Tier selection, quantity, buyer email
* Redirect to `stripe_session_url` from edge response
* Post-return: show confirmation card when success_url loads (poll or session id param)
* Thin `bookingAgent` optional — edge owns Stripe session creation
* `event_orders` pending via edge RPC

## Real-world example

**Andrés** on `Modal on `/`and`/events/\[slug\]\`\` taps through the flow to to buy a ticket inside mdeai → I never get sent to Expedia-style OTAs.

## Persona & surface

* **Persona:** Andrés
* **Surface:** Modal on `/` and `/events/[slug]`

## Where to view (exact URLs)

| Surface | Localhost | Production |
| -- | -- | -- |
| Modal on `/` and `/events/[slug]` | [open](<http://localhost:3001/>) | [open](<https://www.mdeai.co/>) |

**Local dev:** `cd mdeapp && npm run dev` → confirm port on `[ui]` line (usually `:3001`).

## Completion proof

* **Evidence file:** `tasks/evidence/SCREEN-009-evidence.md`
* **Summary:** Playwright: 3/3 · floor: exit 0 · live E2E paid proof 2026-06-06
* **Playwright:** `../../../mdeapp/e2e/screens/SCREEN-009-*.spec.ts`

## Live E2E proof — 2026-06-06

Full browser run on localhost:3001 using Stripe test card `4242 4242 4242 4242`.

| Step | Result |
| -- | -- |
| Checkout modal | Opens, fills buyer details, POSTs to /api/tickets/checkout (never Stripe direct) |
| Stripe redirect | cs_test_a10RHa9v6... session created |
| Payment | Card 4242 accepted in Sandbox |
| Success redirect | checkout=success&session_id=cs_test_a10RHa9v6... |
| Success banner | ""Payment received — check your email for tickets"" |
| Webhook finalized | order f587dc66 → status=paid (2 min after session) |
| Attendee | 92009853 → status=active, QR token present |
| Wallet QR | /me/tickets/f587dc66…?token=a0b4… → ""Order MDE-6823C09861 · Paid COP 40,000 · Andrés Test · scan at door"" |

## Tracking

| Field | Value |
| -- | -- |
| Task ID | `SCREEN-009` |
| Type | screen build spec |
| Priority | P0 |
| Phase | MVP Phase 3 |
","Done",,"Urgent","1faa8d97-2c93-4e56-b1e9-08a41013c980","UX","ai@socialmediaville.ca",,"scr",,,,,"2026-05-27T09:29:37.583Z","2026-06-08T05:58:13.809Z","2026-05-27T16:05:29.557Z",,"2026-06-06T10:55:55.551Z",,,,,"",,,,"b7346315-35d1-41f7-9215-c5522bd22e1c",3573,"SAN-715, SAN-259","",
"SAN-245","Sanjiovani","UIX-017 — SCREEN-007 — Venue / Listing Detail Sheet","## Product code

**UIX-017** — SCREEN-007 — Venue / Listing Detail Sheet

| Traceability | Value |
| -- | -- |
| Linear | SAN-245 |
| Spec | `SCREEN-007` |
| Prefix | UIX |

*Catalog naming:* `scripts/linear-apply-prefix-catalog.mjs` *· Registry:* `tasks/linear/prefix-catalog.json`

---

## Purpose

Slide-over sheet for **rental** and **event** detail before Schedule or Buy CTA.

## Goals

Slide-over sheet for **rental** and **event** detail before Schedule or Buy CTA.
As **Camila**, I want listing photos and amenities in a sheet, so I decide before scheduling a viewing.

Key outcomes:

* Click rental card opens sheet with title, price, neighborhood
* Map focuses matching pin
* Sheet closes without losing chat thread
* Schedule CTA in sheet opens SCREEN-008 modal shell

## Features

* Shipped `components/sheets/venue-detail-sheet.tsx` using `ui/sheet.tsx`
* Open from RentalCard / EventCard Details (not café cards)
* Responsive: full-screen sheet mobile
* Listing id via `rental-ui-context` / card payload
* Detail data from card payload — no new search tool for MVP
* `focusPin` + pan when sheet opens

## Real-world example

**Camila** on `Overlay on `/`(sheet) for`kind: rental | event`. Optional deep link from `/rentals/\[id\]` later (F41).` taps through the flow to listing photos and amenities in a sheet → I decide before scheduling a viewing.

## Persona & surface

* **Persona:** Camila
* **Surface:** Overlay on `/` (sheet) for `kind: rental | event`. Optional deep link from `/rentals/[id]` later (F41).

## Where to view (exact URLs)

| Surface | Localhost | Production |
| -- | -- | -- |
| Overlay on `/` (sheet) for `kind: rental | event`. Optional deep link from `/rentals/[id]` later (F41). | [open](<http://localhost:3001/>) | [open](<https://www.mdeai.co/>) |

**Local dev:** `cd mdeapp && npm run dev` → confirm port on `[ui]` line (usually `:3001`).

## Completion proof

* **Evidence file:** `tasks/evidence/SCREEN-007-evidence.md`
* **Summary:** floor: exit 0
* **Playwright:** `../../../mdeapp/e2e/screens/SCREEN-007-*.spec.ts`
* **Agent must verify:** restart dev → localhost URLs above → same flow on [mdeai.co](<https://www.mdeai.co/>) before claiming ship.

## Tracking

| Field | Value |
| -- | -- |
| Task ID | `SCREEN-007` |
| Spec | `tasks/venues/tasks/mvp/wireframes/006-scr-venue-detail-sheet.md` |
| Type | screen build spec |
| Repo status | Done |
| Priority | P0 |
| Phase | MVP Phase 2 |
| Depends on | SCREEN-005, F50 |
| Wireframes | 006-wire-venue-detail.md |
| Evidence | `../evidence/SCREEN-007-evidence.md` |

---

*Spec file on disk is source of truth. Repo* `status: Done` *→ Linear **In Review** until user approves Done.*","Done",,"Urgent","1faa8d97-2c93-4e56-b1e9-08a41013c980","UX","ai@socialmediaville.ca",,"scr",,,,,"2026-05-27T09:29:35.392Z","2026-06-05T20:22:06.072Z",,,"2026-05-27T09:29:35.427Z",,,,,"",,,,"6f4417b0-06af-48b3-a3e9-fe47baf17905",17664,"","",
"SAN-236","Sanjiovani","UIX-008 — SCREEN-006 — Event Card In-Thread Polish","## Product code

**UIX-008** — SCREEN-006 — Event Card In-Thread Polish

| Traceability | Value |
| -- | -- |
| Linear | SAN-236 |
| Spec | `SCREEN-006` |
| Prefix | UIX |

*Catalog naming:* `scripts/linear-apply-prefix-catalog.mjs` *· Registry:* `tasks/linear/prefix-catalog.json`

---

**Task ID:** `SCREEN-006`
**Spec:** `tasks/screens/003-scr-event-card-polish.md`
**Type:** screen build spec
**Repo status:** Done
**Path:** /
**Priority:** P0
**Wireframes:** 003-wire-event-discovery.md
**Depends on:** F49, F15, F25, SCREEN-004

---

*Imported from tasks/screens/ — spec file is source of truth.*","Done",,"Urgent","1faa8d97-2c93-4e56-b1e9-08a41013c980","UX","ai@socialmediaville.ca",,"scr",,,,,"2026-05-27T09:29:29.847Z","2026-06-05T20:22:06.117Z",,,"2026-05-27T09:29:29.878Z",,,,,"",,,,"2ee184b2-88ef-4294-a84d-32ce6284f66c",17664,"","",
"SAN-240","Sanjiovani","UIX-012 — SCREEN-016 — Host Event Wizard UI","## Product code

**UIX-012** — SCREEN-016 — Host Event Wizard UI

| Traceability | Value |
| -- | -- |
| Linear | SAN-240 |
| Spec | `SCREEN-016` |
| Prefix | UIX |

*Catalog naming:* `scripts/linear-apply-prefix-catalog.mjs` *· Registry:* `tasks/linear/prefix-catalog.json`

---

**Task ID:** `SCREEN-016`
**Spec:** `tasks/screens/003.1-scr-host-event-wizard.md`
**Type:** screen build spec
**Repo status:** Done
**Path:** /host/event/new
**Priority:** P0
**Wireframes:** 003.1-wire-host-event-wizard.md
**Depends on:** F33, F34, F36, F37, F38

---

*Imported from tasks/screens/ — spec file is source of truth.*","Done",,"Urgent","1faa8d97-2c93-4e56-b1e9-08a41013c980","UX","ai@socialmediaville.ca",,"scr",,,,,"2026-05-27T09:29:32.366Z","2026-06-05T20:22:06.192Z",,,"2026-05-27T09:29:32.401Z",,,,,"",,,,"48243487-ff36-4a74-bb9e-aa5133cdb24a",17664,"","",
"SAN-242","Sanjiovani","UIX-014 — SCREEN-005 — Rental Card Polish + CTAs","## Product code

**UIX-014** — SCREEN-005 — Rental Card Polish + CTAs

| Traceability | Value |
| -- | -- |
| Linear | SAN-242 |
| Spec | `SCREEN-005` |
| Prefix | UIX |

*Catalog naming:* `scripts/linear-apply-prefix-catalog.mjs` *· Registry:* `tasks/linear/prefix-catalog.json`

---

## Purpose

Upgrade `RentalCard` to wireframe quality: photo, price pill, Schedule + Save CTAs, pin sync preserved.

## Goals

Upgrade `RentalCard` to wireframe quality: photo, price pill, Schedule + Save CTAs, pin sync preserved.
As **Camila**, I want to schedule a viewing from the rental card in chat, so I don't leave the thread.

Key outcomes:

* ≥3 rental cards show photo/price/neighborhood
* ""Schedule viewing"" opens modal hook (SCREEN-008 can ship after)
* ""Save"" disabled or stub with tooltip until SCREEN-011
* Card #N ↔ pin #N sync via `smoke:f50-pin-sync`

## Features

* `components/copilot/rental-card.tsx` — CTAs, photo slot, price formatting COP
* `components/copilot/search-tool-renders.tsx` — wire CTA handlers
* Keep `data-pin-id`, `data-testid=""rental-card""`, F50 selection
* `useCopilotAction` render for `search-rentals` (existing)
* Schedule → opens SCREEN-008 modal via local state or HITL action name match
* `rentalAgent` + `search-rentals` tool (existing — reference F17/F46, do not duplicate)

## Real-world example

**Camila** on `` /` — inline in CopilotChat via `search-tool-renders.tsx `` taps through the flow to to schedule a viewing from the rental card in chat → I don't leave the thread.

## Persona & surface

* **Persona:** Camila
* **Surface:** `/` — inline in CopilotChat via `search-tool-renders.tsx`

## Where to view (exact URLs)

| Surface | Localhost | Production |
| -- | -- | -- |
| `/` — inline in CopilotChat via `search-tool-renders.tsx` | [open](<http://localhost:3001/>) | [open](<https://www.mdeai.co/>) |

**Local dev:** `cd mdeapp && npm run dev` → confirm port on `[ui]` line (usually `:3001`).

## Completion proof

* **Evidence file:** `tasks/evidence/SCREEN-005-evidence.md`
* **Summary:** floor: exit 0
* **Playwright:** `../../../mdeapp/e2e/screens/SCREEN-005-*.spec.ts`
* **Agent must verify:** restart dev → localhost URLs above → same flow on [mdeai.co](<https://www.mdeai.co/>) before claiming ship.

## Tracking

| Field | Value |
| -- | -- |
| Task ID | `SCREEN-005` |
| Spec | `tasks/real-estate/wireframes/009-scr-rental-card-polish.md` |
| Type | screen build spec |
| Repo status | Done |
| Priority | P0 |
| Phase | MVP Phase 2 |
| Depends on | F49, F50, SCREEN-004, F24 |
| Wireframes | 009-wire-rental-search.md |
| Evidence | `../notes/SCREEN-005-evidence.md` |

---

*Spec file on disk is source of truth. Repo* `status: Done` *→ Linear **In Review** until user approves Done.*","Done",,"Urgent","1faa8d97-2c93-4e56-b1e9-08a41013c980","UX","ai@socialmediaville.ca",,"area:rentals, phase:mvp, prefix:RNT, track:ux",,,,,"2026-05-27T09:29:33.524Z","2026-06-05T19:59:25.628Z","2026-05-27T16:40:28.123Z",,"2026-05-28T14:21:49.145Z",,,,,"",,,,"4f8ed6b4-2ec4-4502-818e-c5a390ab10b7",16362,"","",
"SAN-234","Sanjiovani","UIX-007 — SCREEN-003 — Chat Query Bar + Filter Chips","## Product code

**UIX-007** — SCREEN-003 — Chat Query Bar + Filter Chips

| Traceability | Value |
| -- | -- |
| Linear | SAN-234 |
| Spec | `SCREEN-003` |
| Prefix | UIX |

*Catalog naming:* `scripts/linear-apply-prefix-catalog.mjs` *· Registry:* `tasks/linear/prefix-catalog.json`

---

## Purpose

Replace ""filters coming soon"" with clickable neighborhood/intent chips that update concierge working memory.

## Goals

Replace ""filters coming soon"" with clickable neighborhood/intent chips that update concierge working memory.
As **Camila**, I want to tap ""Laureles"" and ""2BR"" chips, so follow-up searches stay in context without retyping.

Key outcomes:

* ≥3 chips render on `/`
* Clicking chip toggles active state and updates agent state
* Next rental query respects selected neighborhood in tool filters
* Sticky bar does not overlap CopilotChat input

## Features

* `components/chat/chat-query-bar.tsx` — chip row + active states
* Optional `components/chat/follow-up-chips.tsx` for post-result chips (minimal)
* `useCoAgent<ConciergeState>({ name: ""conciergeAgent"" })` — write filter fields to working memory
* Chips: neighborhood, price band, intent (rental | events | food)
* Extend `conciergeWorkingMemorySchema` in `concierge.ts` + `src/lib/types.ts` (keep in sync)
* Optional: chip ""Near map"" uses `mapUi.viewport` from F50 — no new ADK calls

## Real-world example

**Camila** on \`\`/` — sticky top of center column (`chat-query-bar.tsx`)` taps through the flow to to tap ""laureles"" and ""2br"" chips → follow-up searches stay in context without retyping.

## Persona & surface

* **Persona:** Camila
* **Surface:** `/` — sticky top of center column (`chat-query-bar.tsx`)

## Where to view (exact URLs)

| Surface | Localhost | Production |
| -- | -- | -- |
| `/` — sticky top of center column (`chat-query-bar.tsx`) | [open](<http://localhost:3001/>) | [open](<https://www.mdeai.co/>) |

**Local dev:** `cd mdeapp && npm run dev` → confirm port on `[ui]` line (usually `:3001`).

## Completion proof

* **Evidence file:** `tasks/evidence/SCREEN-003-evidence.md`
* **Summary:** floor: exit 0
* **Playwright:** `../../../mdeapp/e2e/screens/SCREEN-003-*.spec.ts`
* **Agent must verify:** restart dev → localhost URLs above → same flow on [mdeai.co](<https://www.mdeai.co/>) before claiming ship.

## Tracking

| Field | Value |
| -- | -- |
| Task ID | `SCREEN-003` |
| Spec | `tasks/screens/002-scr-chat-query-bar.md` |
| Type | screen build spec |
| Repo status | Done |
| Priority | P0 |
| Phase | MVP Phase 1 |
| Depends on | SCREEN-001, F50 |
| Wireframes | 002-wire-chat-chrome.md |
| Evidence | `../notes/SCREEN-003-evidence.md` |

---

*Spec file on disk is source of truth. Repo* `status: Done` *→ Linear **In Review** until user approves Done.*","Done",,"Urgent","1faa8d97-2c93-4e56-b1e9-08a41013c980","UX","ai@socialmediaville.ca",,"scr",,,,,"2026-05-27T09:29:28.707Z","2026-06-05T20:22:06.238Z",,,"2026-05-27T09:29:28.761Z",,,,,"",,,,"1118174f-7aa3-43e4-8244-2ac59718e52d",17664,"","",
"SAN-232","Sanjiovani","UIX-005 — SCREEN-001 — Home Chat Chrome (integration)","## Product code

**UIX-005** — SCREEN-001 — Home Chat Chrome (integration)

| Traceability | Value |
| -- | -- |
| Linear | SAN-232 |
| Spec | `SCREEN-001` |
| Prefix | UIX |

*Catalog naming:* `scripts/linear-apply-prefix-catalog.mjs` *· Registry:* `tasks/linear/prefix-catalog.json`

---

## Purpose

Integrate nav rail, query bar, and workflow strip into the live `/` ChatCanvas so Camila sees a cohesive Mindtrip-style workspace — not disconnected stubs.

## Goals

Integrate nav rail, query bar, and workflow strip into the live `/` ChatCanvas so Camila sees a cohesive Mindtrip-style workspace — not disconnected stubs.
As **Camila**, I want the home chat to feel like one product shell (nav · chat · map), so I trust the AI workspace before I search for rentals.

Key outcomes:

* Nav rail visible desktop (`lg+`) in left column
* Query bar sticky above CopilotChat center column
* Workflow strip slot renders (empty OK until SCREEN-004)
* Map column unchanged (F49 pins still work)

## Features

* Wire `ChatCanvas` to mount SCREEN-002/003/004 components in correct grid regions
* Ensure `chat-center-panel.tsx` scroll + sticky query bar layout
* Desktop: `240–280px | flex-1 | 360–420px` grid (already in `chat-canvas.tsx`)
* Confirm `layout.tsx` / page uses `agent=""conciergeAgent""` on `/`
* No second chat route; `/chat` redirects to `/` if present
* No new agent — uses existing `conciergeAgent`

## Real-world example

**Camila** on `/` taps through the flow to the home chat to feel like one product shell (nav · chat · map) → I trust the AI workspace before I search for rentals.

## Persona & surface

* **Persona:** Camila
* **Surface:** `/`

## Where to view (exact URLs)

| Surface | Localhost | Production |
| -- | -- | -- |
| `/` | [open](<http://localhost:3001/>) | [open](<https://www.mdeai.co/>) |

**Local dev:** `cd mdeapp && npm run dev` → confirm port on `[ui]` line (usually `:3001`).

## Completion proof

* **Evidence file:** `tasks/evidence/SCREEN-001-evidence.md`
* **Summary:** Playwright: 13/13 · floor: exit 0
* **Playwright:** `../../../mdeapp/e2e/screens/SCREEN-001-*.spec.ts`
* **Agent must verify:** restart dev → localhost URLs above → same flow on [mdeai.co](<https://www.mdeai.co/>) before claiming ship.

## Tracking

| Field | Value |
| -- | -- |
| Task ID | `SCREEN-001` |
| Spec | `tasks/screens/001-scr-home-chat-chrome.md` |
| Type | screen build spec |
| Repo status | Done |
| Priority | P0 |
| Phase | MVP Phase 1 — visual shell |
| Depends on | F48, MAP-007B |
| Wireframes | 001-wire-home-chat.md, 002-wire-chat-chrome.md |
| Evidence | `../notes/SCREEN-001-evidence.md` |

---

*Spec file on disk is source of truth. Repo* `status: Done` *→ Linear **In Review** until user approves Done.*","Done",,"Urgent","1faa8d97-2c93-4e56-b1e9-08a41013c980","UX","ai@socialmediaville.ca",,"scr",,,,,"2026-05-27T09:29:27.575Z","2026-06-05T20:39:12.018Z",,,"2026-05-27T09:29:27.623Z",,,,,"",,,,"29248133-4e4f-48bf-af9b-3145710568f3",17664,"SAN-579","",
"SAN-114","Sanjiovani","CAF-001 — Build café discovery cards in chat","## Product code

**CAF-001** — Build café discovery cards in chat

| Traceability | Value |
| -- | -- |
| Linear | SAN-114 |
| Spec | `SCREEN-021` |
| Prefix | CAF |

*Catalog naming:* `scripts/linear-apply-prefix-catalog.mjs` *· Registry:* `tasks/linear/prefix-catalog.json`

---

**Spec:** `SCREEN-021` · **IMP:** 063 · **Persona:** Tourist / Camila

| Field | Value |
| -- | -- |
| Task ID | `SCREEN-021` |
| Spec path | `SCREEN-021` |
| Board group | area:venues |

*Title updated by* `scripts/linear-apply-product-titles.mjs` *(2026-05-30).*

---

## Purpose

Ship a Mindtrip-style **chat-first café discovery** surface on `/`: ranked result cards, map pin sync, venue sheet for café detail, and honest booking/request CTAs — **without** duplicating the ADK Grounding Lite path that already returns pins today.

## Goals

Ship a Mindtrip-style **chat-first café discovery** surface on `/`: ranked result cards, map pin sync, venue sheet for café detail, and honest booking/request CTAs — **without** duplicating the ADK Grounding Lite path that already returns pins today.

## Features

* Implement **Cafe Listings + Map + Booking Request** per spec

## Real-world example

Ship a Mindtrip-style **chat-first café discovery** surface on `/`: ranked result cards, map pin sync, venue sheet for café detail, and honest booking/request CTAs — **without** duplicating the ADK Grounding Lite path that already returns pins today.

## Persona & surface

* **Surface:** / (chat cafe result mode), optional /cafes later

## Where to view (exact URLs)

| Surface | Localhost | Production |
| -- | -- | -- |
| /, optional /cafes later | [open](<http://localhost:3001/,>) | [open](<https://www.mdeai.co/,>) |

**Local dev:** `cd mdeapp && npm run dev` → confirm port on `[ui]` line (usually `:3001`).

## Completion proof

* **Evidence file:** `tasks/evidence/SCREEN-021-evidence.md`
* **Summary:** Evidence file on disk
* **Playwright:** `../../../mdeapp/e2e/screens/SCREEN-021-cafe-listings.spec.ts`
* **Agent must verify:** restart dev → localhost URLs above → same flow on [mdeai.co](<https://www.mdeai.co/>) before claiming ship.

## Tracking

| Field | Value |
| -- | -- |
| Task ID | `SCREEN-021` |
| Spec | `tasks/venues/tasks/mvp/wireframes/005-scr-cafe-listings-map-booking.md` |
| Type | screen build spec |
| Repo status | Phase A.5 Done |
| Priority | P1 |
| Phase | MVP Phase 1 polish (Phase A–B) · Phase 2 booking intelligence (Phase C) |
| Depends on | SCREEN-001, SCREEN-003, SCREEN-007, MAP-001, F49, F50 |
| Wireframes | 005-wire-cafe-listings-map-booking.md |
| Evidence | `../evidence/SCREEN-021-evidence.md` |

---

*Spec file on disk is source of truth. Repo* `status: Done` *→ Linear **In Review** until user approves Done.*","Done",,"Urgent","1faa8d97-2c93-4e56-b1e9-08a41013c980","UX","ai@socialmediaville.ca",,"scr",,,,,"2026-05-27T05:49:20.146Z","2026-06-05T20:22:06.606Z","2026-05-27T06:14:35.821Z",,"2026-05-30T09:24:03.540Z",,,,,"",,,,"72cc6e55-4c01-434d-a9b4-b0fa0ebc01bf",13349,"SAN-272","",
"SAN-237","Sanjiovani","UIX-009 — SCREEN-014 — Event Detail Page","## Product code

**UIX-009** — SCREEN-014 — Event Detail Page

| Traceability | Value |
| -- | -- |
| Linear | SAN-237 |
| Spec | `SCREEN-014` |
| Prefix | UIX |

*Catalog naming:* `scripts/linear-apply-prefix-catalog.mjs` *· Registry:* `tasks/linear/prefix-catalog.json`

---

**Task ID:** `SCREEN-014`
**Spec:** `tasks/screens/003-scr-event-detail-page.md`
**Type:** screen build spec
**Repo status:** Done
**Path:** /events/\[slug\]
**Priority:** P0
**Wireframes:** 003-wire-event-detail-page.md
**Depends on:** SCREEN-006, F15

---

*Imported from tasks/screens/ — spec file is source of truth.*","Done",,"Urgent","1faa8d97-2c93-4e56-b1e9-08a41013c980","UX","ai@socialmediaville.ca",,"scr",,,,,"2026-05-27T09:29:30.609Z","2026-06-08T08:12:00.948Z",,,"2026-05-27T09:29:30.673Z",,,,,"",,,,"a462b9d4-d1da-4daa-b53d-f37733356abe",17664,"SAN-731","",
"SAN-427","Sanjiovani","UX-013 — Wire venue_anchors into café search fallback","**Track:** UX PR-stack remediation · **ux-stack:02**

**Spec:** `tasks/ux/tasks/UX-013-wire-venue-anchors-cafe-fallback.md`

**Index:** [`tasks/ux/tasks/INDEX.md`](<../../tasks/ux/tasks/INDEX.md>)

**View:** [UX tasks](<https://linear.app/sanjiovani/view/ux-tasks-0e5d9fe91725>)

**Depends:** \[DATA-035\]

---

# UX-013 — Wire `venue_anchors` into café search fallback

## Plain-English problem

Tourist asks “specialty coffee in Laureles.” Production shows **“No places found.”** Supabase has **17 verified café anchors** (DATA-035), but `search-grounded-places.ts` fallback queries `restaurants` filtered as café — **0 rows**. The seeded data never reaches the UI.

## User impact

* **Tourist:** Laureles coffee queries fail on [mdeai.co](<https://www.mdeai.co/>) despite curated Pergamino/Rituales data in DB.
* **Sofía:** DATA-035 marked Done but persona acceptance fails — data without wiring is not shipped.

## Persona affected

**Tourist** (café / food vertical on `/` concierge chat).

## Root cause

**KNOWN.** Supabase MCP: 17 `venue_anchors` (`kind=cafe`); 0 café-tagged `restaurants`. `grep venue_anchors mdeapp/src` → zero reads. Fallback in `search-grounded-places.ts` uses `searchRestaurants({ cuisine: 'cafe' })`.

## Files likely involved

| File | Change |
| -- | -- |
| `mdeapp/src/mastra/tools/search-grounded-places.ts` | Replace or extend `curatedFallback` → query `venue_anchors WHERE kind='cafe'` |
| New or existing | `searchVenueAnchors` helper or `/api/venues/search` route |
| `mdeapp/src/components/copilot/search-tool-renders.tsx` | Ensure `GroundedCafeResults` maps anchor rows → `CafeResultCard` shape |
| `mdeapp/src/mastra/agents/concierge.ts` | Prompt/tool path unchanged if tool returns same envelope |

## Skills to load

`mde-task-lifecycle` → `mde-supabase` (schema + RLS read path) → `mastra` (tool execute) → `copilotkit-integrations` (render path) → `testing`.

## Implementation steps

1. Add server-side query: `venue_anchors` where `kind = 'cafe'` and `is_active`, with neighborhood filter when query mentions Laureles/Poblado/etc.
2. Map rows to existing grounded/café card DTO (place_id, name, neighborhood, metadata vibe fields).
3. Wire into `curatedFallback` when ADK fails (keep ADK first when URL is set).
4. Add Vitest: mock Supabase → tool returns ≥1 anchor for “coffee Laureles”.
5. **B-10 interim (verify on disk):** `FALLBACK_RESTAURANTS` café rows + `curatedFallback` cuisine-less retry may already ship — still replace with `venue_anchors` as canonical path (17 DATA-035 rows).
6. Do **not** rely on `restaurants.cuisine_types` or static fallback as long-term fix.

## Tests required

* **Vitest:** `search-grounded-places` curated fallback returns anchor IDs for café query text.
* **Vitest:** empty anchors → structured empty, not throw.
* **Browser / Playwright:** “quiet café Laureles” → ≥1 `CafeResultCard` on localhost **and** prod after deploy.

## Acceptance criteria

- [ ] “specialty coffee in Laureles” returns ≥1 café card from `venue_anchors` on prod.
- [ ] No dependency on `restaurants.cuisine_types` containing café.
- [ ] ADK path unchanged when `ADK_GROUNDING_URL` is valid.
- [ ] `npm run floor` exits 0.
- [ ] Evidence: screenshot + Supabase row IDs under `tasks/testing/evidence/<date>/`.

## Failure cases

* Anchor missing `google_place_id` → skip row, log once.
* Query is restaurant not café → do not return anchors (intent guard).

## Do not overbuild

* No ADK deploy (UX-018).
* No UX-010 card shell refactor — use existing `CafeResultCard`.

## Flow diagram

```mermaid
flowchart TD
  Q[Café query] --> ADK{ADK grounding}
  ADK -->|ok| Pins[Live Google pins]
  ADK -->|fail| CF[curatedFallback]
  CF --> VA[venue_anchors kind=cafe]
  VA -->|17 rows DATA-035| Cards[CafeResultCard]
  CF -.->|today| SR[searchRestaurants cuisine=cafe]
  SR -.->|0 rows| Empty[No places found]

  style VA fill:#e7f6e7,stroke:#27ae60
  style Empty fill:#fde2e2,stroke:#c0392b
```

## Verification (2026-05-31)

| Claim | Result |
| -- | -- |
| venue_anchors in src | 🔴 0 refs — task required |
| RLS public select | ✅ migration `venue_anchors_public_select` |
| B-10 interim fallback | 🟡 Shipped on branch — not canonical |
| Use mde-supabase MCP | Verify row count before Done |
","Done",,"Urgent","1faa8d97-2c93-4e56-b1e9-08a41013c980","UX","ai@socialmediaville.ca",,"phase-1, track:ux, ux-stack:02",,,,,"2026-05-31T19:04:00.023Z","2026-06-05T19:59:25.681Z",,,"2026-06-01T10:53:04.373Z",,,,,"",,,,"3d4d1608-f82a-420f-afd5-556514a1cb7d",10380,"SAN-432, SAN-318","",
"SAN-428","Sanjiovani","UX-014 — Emit agent tool cards without writer.custom","**Track:** UX PR-stack remediation · **ux-stack:03**

**Spec:** `tasks/ux/tasks/UX-014-agent-tool-card-emit-without-writer.md`

**Index:** [`tasks/ux/tasks/INDEX.md`](<../../tasks/ux/tasks/INDEX.md>)

**View:** [UX tasks](<https://linear.app/sanjiovani/view/ux-tasks-0e5d9fe91725>)

**Depends:** \[\]

---

# UX-014 — Emit agent tool cards without `writer.custom`

## Plain-English problem

Agent runs `searchRestaurantsTool`, finds 5 rows, but the chat shows **nothing**. The tool tries `context?.writer?.custom()` which **no-ops** in current Mastra beta — data never crosses AG-UI to React.

## User impact

* **Tourist:** “quiet rooftop dinner Provenza” → agent succeeds → **empty cards** (prod today).
* **Camila:** Same silent failure on any agent-path restaurant/hybrid query.

## Persona affected

**Tourist** (restaurants, attractions, hybrid agent path). Rentals/events fast-path unaffected.

## Root cause

**KNOWN (PR #18 audit R1).** Merged SEARCH-003 uses `writer.custom` for card payload. Working pattern in codebase: `useCopilotAction({ available: ""disabled"", render })` in `search-tool-renders.tsx` for fast-path tools.

## Files likely involved

| File | Change |
| -- | -- |
| `mdeapp/src/mastra/tools/search-restaurants.ts:327` | Remove `context?.writer?.custom` |
| `mdeapp/src/mastra/tools/search-rentals.ts:368` | Same (agent path only — fast-path OK) |
| `mdeapp/src/mastra/tools/search-events.ts:294` | Same |
| `mdeapp/src/mastra/tools/search-attractions.ts:291` | Same |
| `search-grounded-places.ts` | **No writer.custom** — do not touch |
| `mdeapp/src/components/copilot/search-tool-renders.tsx` | Ensure disabled `useCopilotAction` render per tool name |

## Skills to load

`mde-task-lifecycle` → `copilotkit-integrations` (Mastra + CK 1.55.2 pattern from `CopilotKit/examples/integrations/mastra/`) → `copilotkit-agui` → `mastra` → `testing`.

## Implementation steps

1. Trace one failing query end-to-end: tool execute → SSE → `SearchToolRenders` — document gap.
2. Copy pattern from working `searchRentalsTool` / `searchGroundedPlacesTool` disabled render registration.
3. Remove reliance on `context.writer.custom` for restaurant/hybrid tools; return structured `result` only.
4. Vitest: tool execute → envelope shape matches what `normalizeToolEnvelope` expects (no LLM).
5. Browser: “rooftop dinner Provenza” → ≥1 restaurant card visible.

## Tests required

* **Vitest:** tool output schema + render branch selection (not LLM-dependent).
* **Vitest:** `types.ts` fields ⊆ agent Zod working memory.
* **Browser:** agent-path restaurant query shows cards + map pins.

## Acceptance criteria

- [ ] Agent-path `searchRestaurantsTool` shows cards without `writer.custom`.
- [ ] Hybrid rank metadata still available to card if present in result.
- [ ] No duplicate cards (registrar path unchanged for rentals/cafés).
- [ ] `npm run floor` exits 0.
- [ ] Localhost + prod browser evidence saved.

## Do not overbuild

* Do not migrate to CopilotKit v2 (`copilotkit-develop` is reference only).
* Do not refactor UX-010 card shell in same PR — emit first, unify later.

## Flow diagram

```mermaid
flowchart LR
  Agent[Mastra tool execute] -->|result JSON| SSE[AG-UI SSE]
  SSE --> CK[CopilotKit runtime]
  CK --> R[useCopilotAction disabled render]
  R --> STR[SearchToolRenders]
  STR --> Cards[CafeResultCard / PlaceResultCard]

  Agent -.->|writer.custom NO-OP| X[❌ silent drop]

  style X fill:#fde2e2,stroke:#c0392b
  style R fill:#e7f6e7,stroke:#27ae60
```

## Verification (2026-05-31)

| Claim | Result |
| -- | -- |
| writer.custom in restaurants | ✅ L327 |
| writer in grounded-places | ✅ None |
| Fix pattern | copilotkit-integrations + Mastra example |
","Done",,"Urgent","1faa8d97-2c93-4e56-b1e9-08a41013c980","UX","ai@socialmediaville.ca",,"track:ux, ux-stack:03",,,,,"2026-05-31T19:04:00.529Z","2026-06-05T19:59:25.722Z",,,"2026-06-01T10:53:03.734Z",,,,,"",,,,"2fad344a-71b1-44e4-8d8a-95dc99f2bc1f",10380,"SAN-432, SAN-318","",
"SAN-429","Sanjiovani","UX-019 — Stop event fast-path hijacking restaurant queries (B-09)","**Track:** UX PR-stack remediation · **ux-stack:04**

**Spec:** `tasks/ux/tasks/UX-019-event-fastpath-classifier-b09.md`

**Index:** [`tasks/ux/tasks/INDEX.md`](<../../tasks/ux/tasks/INDEX.md>)

**View:** [UX tasks](<https://linear.app/sanjiovani/view/ux-tasks-0e5d9fe91725>)

**Depends:** \[\]

---

# UX-019 — Event fast-path classifier fix (B-09)

## Plain-English problem

After searching events, **Tourist** asks “quiet rooftop dinner in Provenza” → gets **6 music events** instead of restaurants ([`23-live-audit.md`](<../tests/23-live-audit.md>) §2c).

## Root cause (forensic trace — re-verified 2026-05-31 @ a8d2e26)

1. `looksLikeNonEventSearch` — **Option A:** extend `NON_EVENT_FOOD_VENUE_RE` with `dinner|lunch|rooftop|bistro|dine|eatery|lounge`  
   → **SHIPPED** at `event-query-classifier.ts:55-56` (commit 73bb50c). Verified: `looksLikeNonEventSearch(""quiet rooftop dinner in Provenza"")` → `true`, so `buildEventSearchParams` returns `null` at **L35** before any memory path. The headline B-09 case is closed by Option A alone.
2. **Option B (still required — narrower than originally written):** two distinct memory-bleed sites remain in `buildEventSearchParams` (`event-search-fast-path.ts`):
   * **L55 (primary):** inside the fast-path-signals block, `category: s.category ?? q?.category`. A date/neighborhood-only follow-up such as **""Provenza tonight""** (scores `hasDateWindow`, no category token) passes `hasEventFastPathSignals` and inherits stale `q.category = 'music'` from the prior salsa search. **This is the AC-3 leak — not L81.**
   * **L81 (secondary):** `if (q?.category || q?.neighborhood || …)` replays the entire last event query when the current message has **zero** signals (e.g. ""ok"", ""and there?""). Lower-frequency but still a session-order leak.

## Files

| File | Change |
| -- | -- |
| `src/lib/event-query-classifier.ts` | ✅ Option A done (L55-56). No further change unless a new food term leaks. |
| `src/lib/event-search-fast-path.ts` | **L55:** do not inherit `q?.category` when the current message has no category token — gate category inheritance on `s.hasCategory` (or an explicit event token in the **current** message). **L81:** require an explicit event signal in the current message before replaying memory. |
| `src/lib/__tests__/event-search-fast-path.test.ts` | Session-order: (a) salsa search → ""quiet rooftop dinner in Provenza"" → `buildEventSearchParams` returns `null` (Option A, regression lock); (b) salsa search → ""Provenza tonight"" → result has **no** `category: 'music'` (L55 fix); (c) salsa search → bare ""ok"" → `null` (L81 fix). |

## Acceptance criteria

- [X] “quiet rooftop dinner Provenza” **after** “salsa events this weekend” → no event fast-path. *(Option A shipped 73bb50c — add regression lock only.)*
- [ ] “salsa events this weekend” still fast-paths. *(regression — must not break.)*
- [ ] “Provenza tonight” alone does not inherit stale `category: music` without a category/event word in the **current** message (Option B / L55).
- [ ] Bare follow-up (""ok"", ""and there?"") after an event search does not replay the last query (Option B / L81).
- [ ] Vitest + evidence in `tasks/testing/evidence/<date>/`.
- [ ] Separate PR from #17; `npm run floor` green.

## Do not overbuild

* No full INT-002 rewrite — classifier + memory guard only.

## Flow diagram

```mermaid
flowchart TD
  Q1[""quiet rooftop dinner Provenza""] --> LNE{looksLikeNonEventSearch}
  LNE -->|dinner/rooftop in regex ✅ Option A| Agent[conciergeAgent ✅ L35 returns null]

  Q2[""Provenza tonight (after salsa)""] --> S{scoreEventQuery}
  S -->|hasDateWindow, no category| FP{hasEventFastPathSignals L44}
  FP -->|""L55: s.category ?? q.category""| EVT[category=music inherited ❌]

  Q3[""ok / and there?""] --> Z{no current signals}
  Z -->|""L81 replay last query""| EVT2[full stale query ❌]

  style Agent fill:#e7f6e7,stroke:#27ae60
  style EVT fill:#fde2e2,stroke:#c0392b
  style EVT2 fill:#fde2e2,stroke:#c0392b
```

## Verification (2026-05-31 — independent forensic re-probe @ a8d2e26)

| Claim | Result |
| -- | -- |
| Option A regex shipped | ✅ `event-query-classifier.ts` L55-56; B-09 regression test present in `event-query-classifier.test.ts` (9/9 pass) |
| Headline case ""rooftop dinner Provenza"" | ✅ Closed by Option A at `event-search-fast-path.ts:35` |
| Option B leak site — primary | 🔴 **L55** `s.category ?? q?.category` (NOT L81 as originally written) |
| Option B leak site — secondary | 🟡 **L81** bare-follow-up memory replay |
| Session-order Vitest | ❌ Missing in `event-search-fast-path.test.ts` (12 tests, none cover stale-category inheritance) — add 3 cases |
| Fast-path wired (not dead code) | ✅ via `src/hooks/use-event-search-fast-path.ts` → `concierge-chat-input.tsx` + `chat-query-bar.tsx` |
","Done",,"Urgent","1faa8d97-2c93-4e56-b1e9-08a41013c980","UX","ai@socialmediaville.ca",,"track:ux, ux-stack:04",,,,,"2026-05-31T19:04:01.054Z","2026-06-05T19:59:25.761Z",,,"2026-06-01T10:53:04.796Z",,,,,"",,,,"38ba4acd-dc9e-405d-a487-232009397288",10380,"SAN-318","",
"SAN-434","Sanjiovani","UX-021 — WCAG aria-labels, testId defaults, data-result-kind on all cards","**Track:** UX PR-stack remediation · **ux-stack:09**

**Spec:** `tasks/ux/tasks/UX-021-card-accessibility-parity.md`

**Index:** [`tasks/ux/tasks/INDEX.md`](<../../tasks/ux/tasks/INDEX.md>)

**View:** [UX tasks](<https://linear.app/sanjiovani/view/ux-tasks-0e5d9fe91725>)

**Depends:** \[\]

---

# UX-021 — Card accessibility + test addressability (P0)

## Purpose

WCAG 4.1.2: interactive card regions need accessible names. Playwright needs stable selectors without text coupling.

## Affected files

| File | Change |
| -- | -- |
| `rental-card.tsx` | `aria-label`, `data-result-kind=""rental""`, `testId` prop default |
| `event-card.tsx` | same + `cn()` for selected state (R-03) |
| `place-result-card.tsx` | `aria-label`, `data-result-kind`, default `testId`, `overflow-hidden`, `cn()` |
| `grounded-place-card.tsx` | same if not deleted yet |
| `__tests__/*-card.test.tsx` | assert aria-label + data-result-kind |

## Pattern (from CafeResultCard)

```tsx
aria-label={`Open details for ${title}`}
data-result-kind=""rental""
testId = ""rental-card"" // optional prop
```

## Tests

* Vitest per card: renders `aria-label` when interactive.
* Vitest: `data-result-kind` present.

## Acceptance

- [ ] All interactive cards have `aria-label`.
- [ ] All cards have `data-result-kind`.
- [ ] `testId` optional with sensible default on rental/event/place.
- [ ] `npm run floor` green.

## Flow diagram

```mermaid
stateDiagram-v2
    [*] --> Default
    Default --> Focused: focus / hover
    Focused --> Default: blur
    note right of Focused
        aria-label required
        data-result-kind set
    end note
```

## Verification (2026-05-31)

| Claim | Result |
| -- | -- |
| CafeResultCard gold | ✅ has aria + data-result-kind |
| RentalCard | 🔴 missing aria, data-result-kind, hover |
| UX-027 copy | ✅ Done — separate from a11y |
","Done",,"Urgent","1faa8d97-2c93-4e56-b1e9-08a41013c980","UX","ai@socialmediaville.ca",,"track:ux, ux-stack:09",,,,,"2026-05-31T19:04:05.019Z","2026-06-05T19:59:25.790Z",,,"2026-06-01T10:53:28.143Z",,,,,"",,,,"69992161-d51d-4f38-9222-6902076bbca4",10380,"SAN-318","",
"SAN-435","Sanjiovani","UX-022 — DomainResults wrapper — fix restaurant/attraction registrar and pin sync","**Track:** UX PR-stack remediation · **ux-stack:10**

**Spec:** `tasks/ux/tasks/UX-022-domain-results-wrapper.md`

**Index:** [`tasks/ux/tasks/INDEX.md`](<../../tasks/ux/tasks/INDEX.md>)

**View:** [UX tasks](<https://linear.app/sanjiovani/view/ux-tasks-0e5d9fe91725>)

**Depends:** \[UX-014\]

---

# UX-022 — DomainResults wrapper (P0 ship blocker)

## Purpose

Close the structural bug: restaurant/attraction searches show **duplicate side-panel rows** and cards **cannot highlight map pins**.

## Root cause (verified on disk)

`GenericResults` (`search-tool-renders.tsx` \~418):

* ✅ `ToolPinsSync`
* ❌ No `RichCardResultsRegistrar`
* ❌ `PlaceResultCard` rendered without `pinId`, `selected`, `onSelect`

Compare `RentalResults` / `GroundedCafeResults` / `EventResults` — all three pass `selectedPinId`, `panToPin`, registrar.

## Affected files

| Action | Path |
| -- | -- |
| Create | `mdeapp/src/components/copilot/domain-results.tsx` |
| Modify | `search-tool-renders.tsx` — route restaurant/attraction through wrapper; **pass** `pinId`**/**`selected`**/**`onSelect` **at the** `GenericResults` **call site (\~L448)** |
| No change | `place-result-card.tsx` — **already accepts** `pinId`**/**`selected`**/**`onSelect` **(L7-9,** `interactive = Boolean(onSelect && pinId)`**).** The gap is the caller omitting them, not a missing prop. |
| Test | `domain-results.test.tsx`, update `rich-card-results` tests |

## DomainResults API

```tsx
<DomainResults
  category=""restaurant""
  result={result}
  rows={rows}
  renderCard={(row, ctx) => (
    <PlaceResultCard
      pinId={ctx.pinId}
      selected={ctx.selected}
      onSelect={ctx.onSelect}
      ...
    />
  )}
  emptyState={<GenericEmptyState category=""restaurant"" ... />}
/>
```

Internally: `ToolPinsSync` + `RichCardResultsRegistrar` + scroll-into-view on `selectedPinId` + list ref.

**Verified gap:** `GenericResults` @ `search-tool-renders.tsx:418` — pins only, no registrar, no `pinId`/`onSelect` on cards.

## Flow diagram

```mermaid
flowchart TD
  GR[GenericResults restaurant] --> TPS[ToolPinsSync ✅]
  GR --> REG[RichCardResultsRegistrar ❌]
  GR --> PRC[PlaceResultCard no pinId ❌]
  DR[DomainResults target] --> TPS2[ToolPinsSync]
  DR --> REG2[RichCardResultsRegistrar]
  DR --> PRC2[PlaceResultCard pinId + onSelect]

  style REG fill:#fde2e2,stroke:#c0392b
  style REG2 fill:#e7f6e7,stroke:#27ae60
```

## Verification (2026-05-31)

| Claim | Result |
| -- | -- |
| Event has registrar | ✅ L343 (not broken) |
| Restaurant/attraction registrar | 🔴 Missing — `GenericResults` L418 has `ToolPinsSync` only, no registrar |
| `PlaceResultCard` pin props exist | ✅ Component accepts `pinId`/`selected`/`onSelect` (L7-9) — caller at \~L448 omits them |
| Cafe/rental pattern | ✅ Reference implementation (grounded:129, rental:211, event:343) |

## Tests

* Vitest: mounting DomainResults registers count → `shouldSuppressGenericMapResults(true)`.
* Vitest: unmount clears count.
* Vitest: each row gets unique `data-pin-id`.

## Acceptance

- [ ] Restaurant search: 0 duplicate side-panel pin rows when cards visible.
- [ ] Click/hover card highlights matching map pin.
- [ ] Pin click scrolls card into view.
- [ ] Attraction path identical.
- [ ] Event/rental/café behavior unchanged.
- [ ] `npm run floor` green.
- [ ] Browser evidence: restaurant query on `/`.

## Dependencies

**UX-014** — agent path must emit tool results to UI; wrapper fixes fast-path/render-path sync only.","Done",,"Urgent","1faa8d97-2c93-4e56-b1e9-08a41013c980","UX","ai@socialmediaville.ca",,"track:ux, ux-stack:10",,,,,"2026-05-31T19:04:06.629Z","2026-06-05T19:59:25.832Z",,,"2026-06-01T10:53:29.275Z",,,,,"",,,,"5aa0b72e-0aa5-45b2-94bc-44b528f81349",10380,"SAN-436, SAN-318","",
"SAN-718","Sanjiovani","SAN-579A — Home Discovery Rows: Live Data","**Parent:** [SAN-579](https://linear.app/sanjiovani/issue/SAN-579/d-13-re-skin-home-from-home-wireframe) — D-13 Home Re-skin
**Phase:** P1 enhancement
**Disk spec:** `tasks/design/tasks/D-13-home-reskin.md`

## Goal

Replace the 16 static curated homepage discovery cards with live production data from Supabase and Google Places. Preserve the existing `PlaceCard` UI and D-13 visual experience — this is a **data-source migration only**.

Current state: 4 rows × 4 static cards using hardcoded Unsplash images.
Target: live data with skeleton → real → fallback state machine.

---

## Rows to migrate

### Row 1 — Rentals Near You

* **Source:** Supabase — use existing `rental_listings` / `properties` / `listings` table (verify actual table name via `execute_sql`)
* **Display:** hero image · title · neighborhood · price · rating · AI reason
* **Limit:** 4 cards
* **Fallback:** existing static curated cards

### Row 2 — Top Restaurants

* **Source:** Google Places API (existing Places service layer)
* **Filters:** type=restaurant · rating ≥ 4.3 · Medellín
* **Display:** image · rating · category · neighborhood · AI reason
* **Limit:** 4 cards
* **Fallback:** static cards

### Row 3 — Cafés To Work From

* **Source:** Google Places API
* **Filters:** type=cafe · remote-work friendly · Medellín
* **Display:** image · rating · wifi tag · neighborhood · AI reason
* **Limit:** 4 cards
* **Fallback:** static cards

### Row 4 — Upcoming Events

* **Source:** Supabase — `events` / `event_instances`
* **Filters:** upcoming · active · published
* **Display:** event image · name · date · venue · AI reason
* **Limit:** 4 cards
* **Fallback:** static cards

---

## Technical requirements

### Data loading

* Use Server Components where possible (Next.js cache + revalidation)
* Target < 100ms cached render
* Use existing typed Supabase client + RLS policies — no direct SQL in components
* Use existing Places service layer — every call must include `X-Goog-FieldMask`

### Loading states

* Loading: 4 PlaceCard skeletons (matching current skeleton anatomy)
* Success: real data
* Error / empty: fallback to static curated cards — never blank rows

### AI reason line

* Deterministic logic first — no LLM call required
* Examples: ""Popular among digital nomads"" · ""Trending this week"" · ""Highly rated in Laureles""

---

## UI constraints — do NOT change

* `PlaceCard` anatomy: image → kind badge → name → rating → meta → why line
* Layout, spacing, typography, visual hierarchy
* Card hover behaviour and link targets (`/chat?q=...`)

---

## Acceptance criteria

- [ ] Rentals row loads from Supabase
- [ ] Restaurants row loads from Places
- [ ] Cafés row loads from Places
- [ ] Events row loads from Supabase
- [ ] Loading skeleton → real data transition works
- [ ] Error state falls back to static cards (never blank)
- [ ] No layout shift on data load
- [ ] Mobile responsive (320px, 768px, 1280px)
- [ ] Keyboard navigable · screen reader landmarks correct
- [ ] `npm run build` passes · `npm test -- --run` passes · `npx tsc --noEmit` passes · `npm run floor` passes
- [ ] Playwright proof: desktop + tablet + mobile screenshots attached

## Explicit non-goals

* Do NOT redesign the homepage
* Do NOT change card anatomy
* Do NOT add new sections
* Do NOT modify AI concierge, Maps, Mastra, or CopilotKit","Done",,"High","1faa8d97-2c93-4e56-b1e9-08a41013c980","UX","ai@socialmediaville.ca","ai@socialmediaville.ca","scr, track:ux",,,,,"2026-06-07T18:37:22.388Z","2026-06-08T02:51:43.653Z","2026-06-08T00:46:14.303Z",,"2026-06-08T02:51:43.637Z",,,"2026-06-14T18:37:23.405Z","SAN-579","",,,"Completed","762deb83-5795-471f-9731-0a1d339dddae",782,"","",
"SAN-716","Sanjiovani","FE — ""Lead submitted"" confirmation state (G2 / SCREEN-008)","## FE — ""Lead submitted"" confirmation state (G2 / SCREEN-008)

**Launch-critical frontend.** Camila schedules a viewing (SCREEN-008 / [SAN-473](https://linear.app/sanjiovani/issue/SAN-473/real-006-schedule-viewing-modal-screen-008)), but there's **no confirmation state** after the lead is captured — she doesn't know it worked. This is the consumer half of the EVT-001 launch proof (Camila lead).

### Screens to design + build

* **Lead submitted** confirmation card in the chat thread (what happens next, expected response time)
* **Validation/error** state (missing fields, duplicate, rate-limited)
* **Optional**: ""view your requests"" entry point

### Acceptance

- [X] After schedule-viewing submit, Camila sees a clear confirmation in-thread
- [X] Error/duplicate states handled gracefully
- [X] Lead row written (G2) and reflected to the user

### Implementation

`LeadConfirmationBanner` — `role=""status""` card rendered in `GeoChatShell` after submit success. Shows listing title, truncated lead ref (`Ref <first-8-chars>`), confirmation message, and Dismiss button. Reads from `RentalUiContext.leadConfirmation`.

`ScheduleViewingModal` — `role=""dialog""` HITL form (name required, email required, phone optional, preferredAt). POSTs to `/api/leads/schedule-viewing` → `chat-lead-capture` edge fn → Supabase `leads`. On success calls `setLeadConfirmation()` + `closeScheduleViewing()`.

### Tests (PR #129)

17 Vitest tests — 7 LeadConfirmationBanner + 10 ScheduleViewingModal. All a11y attributes and E2E `data-testid` hooks verified.

Bonus: removed `authReferrerPolicy=""origin""` from `APIProvider` fixing `RefererNotAllowedMapError` (Maps tests 32/32 ✅).

Relates [SAN-473](https://linear.app/sanjiovani/issue/SAN-473/real-006-schedule-viewing-modal-screen-008) (RE-006 viewing modal). Source: `docs/audit/mvp-readiness-audit.md`.","Done",,"High","1faa8d97-2c93-4e56-b1e9-08a41013c980","UX","ai@socialmediaville.ca","ai@socialmediaville.ca","area:rentals, phase:launch, scr, stack:nextjs, track:screens",1,"Cycle 1","2026-06-08T05:00:00.000Z","2026-06-22T05:00:00.000Z","2026-06-07T14:58:00.811Z","2026-06-08T06:47:10.930Z","2026-06-08T06:46:40.266Z",,"2026-06-08T06:47:10.886Z",,,"2026-06-14T14:58:01.460Z",,"",,,"Completed","75399e01-70ae-43fc-ab53-61c997ccf119",546,"SAN-690, SAN-473, SAN-262, SAN-115","",
"SAN-717","Sanjiovani","FE — Error / empty / loading state pass (Home · Events · Rentals)","## FE — Error / empty / loading state pass (Home · Events · Rentals)

**Launch polish.** Core consumer surfaces need consistent **empty / loading / error** states before go-live so a cold cache or a failed call never shows a blank or broken screen to Camila/Andrés.

### Scope (reuse shared state components — no new design system)

* **Home** `/` **concierge:** thinking indicator (exists), error notice on agent failure, empty result → ""next best action"" chips
* **Events:** loading skeletons, empty ""no events found"", error retry
* **Rentals:** loading skeletons on cards + map, empty state, embed-degraded notice
* **Maps:** loading skeleton on results column
* Mobile parity (sheets)

### Acceptance

- [ ] No blank screens on slow/failed loads across Home/Events/Rentals
- [ ] Empty states have a clear next action
- [ ] Playwright covers one error + one empty path per surface

Source: `docs/audit/mvp-readiness-audit.md` (frontend audit).","Done",,"High","1faa8d97-2c93-4e56-b1e9-08a41013c980","UX","ai@socialmediaville.ca","ai@socialmediaville.ca","phase:launch, scr, stack:nextjs, track:screens",,,,,"2026-06-07T14:58:06.653Z","2026-06-08T04:51:10.015Z","2026-06-08T03:28:47.466Z",,"2026-06-08T04:51:10.003Z",,,"2026-06-14T14:58:07.311Z",,"",,,"Completed","a83cb499-09f5-453b-8375-7081ac0fb2e0",662,"SAN-115","",
"SAN-585","Sanjiovani","SPEC-027 — Author events browse scr + wire on disk","## SPEC-027 — Author events browse scr + wire on disk

**Status:** Disk spec **shipped** at `tasks/screens/SCREEN-027-events-browse.md` (2026-06-05).

**Blocks:** [SAN-518](https://linear.app/sanjiovani/issue/SAN-518/screen-027-events-browse-listing-events) implementation can proceed after [SAN-586](https://linear.app/sanjiovani/issue/SAN-586/data-036-public-published-events-list-api-for-events-browse) DATA-036.

### Remaining deliverables

- [ ] Paired wire doc (optional — mirrors restaurant listings wire)
- [ ] Verify `sitemap.md` `/events` row (done 2026-06-05)
- [ ] Verify browse table in `tasks/design/wireframes/screens/INDEX.md` (done 2026-06-05)

### Acceptance criteria (original)

- [X] scr at `tasks/screens/SCREEN-027-events-browse.md` with `linear: SAN-518`, nav Done gate, Playwright path
- [ ] Nav-enable AC cross-linked to [SAN-584](https://linear.app/sanjiovani/issue/SAN-584/scr-002b-explore-sidebar-enable-nav-links-at-browse-done)

Close this issue when [SAN-518](https://linear.app/sanjiovani/issue/SAN-518/screen-027-events-browse-listing-events) implementation starts using the disk spec.","Done",,"High","1faa8d97-2c93-4e56-b1e9-08a41013c980","UX","ai@socialmediaville.ca",,"phase:mvp, scr, stack:nextjs",,,,,"2026-06-05T22:44:27.054Z","2026-06-05T22:49:26.312Z","2026-06-05T22:46:11.508Z",,"2026-06-05T22:49:26.299Z",,,"2026-06-12T22:44:27.873Z",,"",,,"Completed","fd9d4ba0-b09a-4bb0-9820-062e65cb1b3b",3904,"SAN-518, SAN-586, SAN-587, SAN-584, SAN-490","",
"SAN-575","Sanjiovani","D-09 — Re-skin discovery surfaces (existing routes)","**Parent:** [SAN-566](https://linear.app/sanjiovani/issue/SAN-566/design-track-light-luxury-re-skin-concierge-os-d-01-d-14) · **Phase 3** · **Step 9/14** · deps D-01·D-05·D-07·D-08 · ref design-process §3.3
**Disk spec:** `tasks/design/tasks/D-09-reskin-routes.md` · **Index:** `tasks/design/tasks/INDEX.md`
**Output:** re-skinned EXISTING routes (no new route)

## SKIN-ONLY — do not rebuild routes

| Order | Route | Functional owner | D-09 scope |
| -- | -- | -- | -- |
| 1 | `/restaurants` | [SAN-490](https://linear.app/sanjiovani/issue/SAN-490/screen-023-restaurant-listings-page) (Done) | Re-skin now — safest first |
| 2 | `/nightlife` | [SAN-491](https://linear.app/sanjiovani/issue/SAN-491/screen-022-nightlife-listings-map) (Done) | Re-skin now |
| 3 | `/rentals` | [SAN-478](https://linear.app/sanjiovani/issue/SAN-478/real-011-rental-browse-page-rentals) (Track A) | Skin after [SAN-478](https://linear.app/sanjiovani/issue/SAN-478/real-011-rental-browse-page-rentals) ships cards/data |
| 4 | `/cafes` | [SAN-519](https://linear.app/sanjiovani/issue/SAN-519/screen-028-cafes-browse-listing-cafes) | Skin after browse page exists |
| 5 | `/events` | [SAN-518](https://linear.app/sanjiovani/issue/SAN-518/screen-027-events-browse-listing-events) | **→** [SAN-587](https://linear.app/sanjiovani/issue/SAN-587/d-09b-re-skin-events-browse-after-san-518) **D-09b** (separate issue; not in this task scope) |

Apply D-05 pattern. No new `/explore` route.

## Acceptance criteria (per route)

* Mobile responsive · light-first tokens · WCAG AA
* Uses VenueCard / D-05 layout from `components/browse`
* Maps: mapId + FieldMask · CopilotKit v1 only
* Loading/empty/error (SCREEN-019)

### Proof

```bash
cd mdeapp && npm run floor
npx playwright test e2e/screens/SCREEN-023*.spec.ts e2e/screens/SCREEN-022*.spec.ts --project=chromium
```

### Events browse re-skin

See [SAN-587](https://linear.app/sanjiovani/issue/SAN-587/d-09b-re-skin-events-browse-after-san-518) (D-09b) under [SAN-566](https://linear.app/sanjiovani/issue/SAN-566/design-track-light-luxury-re-skin-concierge-os-d-01-d-14) — added 2026-06-05 Explore sidebar audit.","Done",,"High","1faa8d97-2c93-4e56-b1e9-08a41013c980","UX","ai@socialmediaville.ca","ai@socialmediaville.ca","scr, track:ux",,,,,"2026-06-05T18:59:03.637Z","2026-06-06T00:54:24.896Z","2026-06-05T23:46:59.625Z",,"2026-06-06T00:54:24.877Z",,,"2026-06-12T18:59:04.943Z","SAN-566","","6fc2a6cf-f9e3-4036-b3eb-52868f2c8533","M4 — Surface Re-skins","Completed","f5afaf8e-2435-48e8-9a15-14c9a69eaed1",3779,"SAN-578, SAN-580, SAN-577, SAN-584, SAN-518, SAN-586, SAN-244, SAN-261, SAN-519, SAN-267, SAN-490, SAN-491, SAN-478, SAN-571, SAN-567, SAN-573, SAN-574, SAN-587","",
"SAN-574","Sanjiovani","D-08 — Shared browse system (VenueCard + BrowseLayout)","**Parent:** [SAN-566](https://linear.app/sanjiovani/issue/SAN-566/design-track-light-luxury-re-skin-concierge-os-d-01-d-14) · **Phase 3** · **Step 8/14** · [SAN-462](https://linear.app/sanjiovani/issue/SAN-462/ops-001-stable-beta-soak-gate-3-scheduled-prod-synthetic) soak Done — assignable now
**Disk spec:** `tasks/design/tasks/D-08-venue-card.md` · **Index:** `tasks/design/tasks/INDEX.md`
**Output:** `mdeapp/src/components/browse/*`

## Prerequisites (completed — not active blockers)

D-02, D-03, D-05 are **completed prerequisites**. They remain related history, not active blockers.

## Scope boundary

Shared **VenueCard + BrowseLayout** only. **Out of scope:** sidebar nav activation ([SAN-584](https://linear.app/sanjiovani/issue/SAN-584/scr-002b-explore-sidebar-enable-nav-links-at-browse-done)), new browse routes (519/478/518), Mastra, CopilotKit, map pin behavior changes, new API routes.

One card + layout, three vertical skins: image (16:10, rounded-xl, blur-up) · name · neighborhood · rating · 2-line clamp · action row.

## CANONICAL owner — card system

Supersedes [SAN-437](https://linear.app/sanjiovani/issue/SAN-437/ux-023-extract-resultcardshell-and-card-primitives-from-caferesultcard) + [SAN-360](https://linear.app/sanjiovani/issue/SAN-360/aia-011-extract-shared-result-card-shell). Reuse RestaurantCard / CafeResultCard / RentalCard — consolidate into VenueCard + BrowseLayout.

## Prep — read before coding

* `mdeapp/src/components/cards/restaurant-card.tsx` (or copilot paths on disk)
* `mdeapp/src/components/copilot/cafe-result-card.tsx`
* `mdeapp/src/components/copilot/rental-card.tsx`

## Acceptance criteria

- [ ] VenueCard + BrowseLayout exported from `mdeapp/src/components/browse/`
- [ ] Café / restaurant / rental cards use shared shell — visual parity with before/after screenshots
- [ ] Image blur-up + pale-teal placeholder per D-03
- [ ] Design tokens only — no hardcoded gray-\*
- [ ] **Existing CTA behavior preserved** (Details, Directions, Booking, Schedule Viewing)
- [ ] **Existing test ids preserved**
- [ ] Empty/missing image state does not break layout
- [ ] **No route/sidebar activation changes**
- [ ] **No new API calls** · **No changes** under `src/mastra/**` or `src/app/api/copilotkit/**`
- [ ] CopilotKit v1 only · mobile 375/768/desktop
- [ ] No data-shape or map-pin behavior changes

### Proof

```bash
cd /home/sk/mdeai/mdeapp
npm run typecheck
npm run build
npm test -- cafe-result-card restaurant-card rental-card --run
npm run floor
```

### Browser proof

Screenshots at `/`, `/restaurants`, rental card surface in chat · 375px · 768px · desktop

## Implementation order

1. Fresh `main` branch · read 3 card files · extract shell only · migrate one card at a time · targeted tests each step","Done",,"High","1faa8d97-2c93-4e56-b1e9-08a41013c980","UX","ai@socialmediaville.ca","ai@socialmediaville.ca","scr, track:ux",,,,,"2026-06-05T18:58:58.831Z","2026-06-06T13:47:25.340Z","2026-06-05T23:05:17.787Z",,"2026-06-06T13:47:25.310Z",,,"2026-06-12T18:58:59.950Z","SAN-566","","c16ec37d-0a25-4ac2-894d-cd2a8709e0dd","M3 — Component Base &amp; Shared Card","Completed","0f846de7-422a-4e5f-a5a3-038ed3b26c41",3045,"SAN-587, SAN-576, SAN-579, SAN-577, SAN-323, SAN-438, SAN-443, SAN-442, SAN-575, SAN-580, SAN-525, SAN-318, SAN-436, SAN-569, SAN-571, SAN-568, SAN-478, SAN-462","",
"SAN-573","Sanjiovani","D-07 — P0 shadcn install (tabs/command/avatar/carousel/sonner/sidebar)","Parent: [SAN-566](https://linear.app/sanjiovani/issue/SAN-566/design-track-light-luxury-re-skin-concierge-os-d-01-d-14) · Phase 2 · Step 7/14 · Done 2026-06-05

Disk spec: `tasks/design/tasks/D-07-shadcn-install.md`
Index: `tasks/design/tasks/INDEX.md`
Evidence: `tasks/testing/evidence/2026-06-05/d-07-shadcn-install-RESULTS.md`

## Shipped

* PR #76 — squash 58b1cb7 — install tabs, command, avatar, carousel, sonner, sidebar + transitive deps
* PR #78 — squash cb3deb2 — drop next-themes ThemeProvider (React script console error)

## Wiring (final)

* MdeAppProviders → Toaster theme=light only (Phase 1 forced light — no ThemeProvider)
* sonner.tsx default theme=light
* CopilotKit v1 untouched

## Acceptance

- [X] All six shadcn components in info --json
- [X] Transitive: textarea, input-group, hooks/use-mobile.ts
- [X] Deps: cmdk, embla-carousel-react, sonner
- [X] npm run build + CI floor PASS
- [X] Prod Tier-1 smoke PASS post-hotfix

## Out of scope

CommandDialog → D-13 · SidebarProvider → D-10 · navigation-menu → D-09/D-13","Done",,"High","1faa8d97-2c93-4e56-b1e9-08a41013c980","UX","ai@socialmediaville.ca","ai@socialmediaville.ca","scr, track:ux",,,,,"2026-06-05T18:58:52.643Z","2026-06-05T22:35:42.451Z","2026-06-05T21:16:29.581Z",,"2026-06-05T22:06:30.018Z",,,"2026-06-12T20:58:58.047Z","SAN-566","","c16ec37d-0a25-4ac2-894d-cd2a8709e0dd","M3 — Component Base &amp; Shared Card","Completed","0030ddf4-a9de-4d85-a5f5-172a1c017371",3933,"SAN-576, SAN-575","",
"SAN-571","Sanjiovani","D-05 — Discovery wireframe (FLAGSHIP, AI-in-center)","**Parent:** [SAN-566](https://linear.app/sanjiovani/issue/SAN-566/design-track-light-luxury-re-skin-concierge-os-d-01-d-14) · **Phase 1 · FLAGSHIP** · **Step 5/14** · deps D-01 · ref design-process §3.3 + §3.2
**Disk spec:** `tasks/design/tasks/D-05-discovery-wireframe.md` · **Index:** `tasks/design/tasks/INDEX.md`
**Output:** `tasks/design/wireframe/explore-wireframe.html`

Annotated wireframe (home-wireframe.html pattern) of the AI-in-center discovery layout: top nav → vertical tabs → full-width AI Concierge band → Cards │ Map split. Scroll storytelling + premium section formula (Headline → Desc → View all → Cards → grounded AI Insight). Pattern, not a route commitment — lands on `/` + vertical pages. Upgrade `mockups/explore.html`.","Done",,"High","1faa8d97-2c93-4e56-b1e9-08a41013c980","UX","ai@socialmediaville.ca",,"scr, track:ux",,,,,"2026-06-05T18:58:39.503Z","2026-06-05T22:35:12.817Z",,,"2026-06-05T20:39:01.363Z",,,"2026-06-12T18:58:40.326Z","SAN-566","","bafb4f07-f43e-4888-a68a-fd1dcef178e2","M2 — Design Foundation","Completed","e0f785b1-6813-43df-a1ea-02bd22d03061",4034,"SAN-575, SAN-574, SAN-267, SAN-261, SAN-244, SAN-567","",
"SAN-490","Sanjiovani","SCREEN-023 — Restaurant Listings Page","## Purpose

Create the `/restaurants` browse page so tourists and Camila can discover Medellín restaurants without going through the AI concierge.

## Goals

As a **Tourist**, I want to browse restaurants in Medellín filtered by neighborhood and cuisine, so I can find dinner without asking the AI.

Key outcomes:

* `/restaurants` page exists with real data from Supabase
* Neighborhood filter chips: Laureles, El Poblado, Envigado, Sabaneta
* Cuisine filter chips: Paisa, Colombian, Café, Seafood, Steakhouse, Vegetarian, International, Street food
* `RestaurantCard` grid (2-col desktop, 1-col mobile)
* Loading skeleton, error + empty states
* Back arrow to home

## Shipped (2026-06-02)

* Created `mdeapp/src/app/restaurants/page.tsx`
* Client-side fetch from `POST /api/restaurants/search` (existing route)
* 12 real Supabase results rendering with photos, ratings, AI summaries, Directions links
* Filter chips work — Laureles filter confirmed live in browser
* TypeScript clean, 0 console errors
* Evidence: `tasks/notes/SCREEN-023-evidence.md`

## Tracking

| Field | Value |
| -- | -- |
| Task ID | `SCREEN-023` |
| Priority | P1 |
| Phase | mvp |
| Route | `/restaurants` |
| API | `POST /api/restaurants/search` ✅ |
| Effort | 2h |

## Evidence

* Screenshots: `mdeapp/tmp/screenshots/SCREEN-023/restaurants-grid.png`
* Evidence file: `tasks/notes/SCREEN-023-evidence.md`
* Browser MCP: 12 live results, Laureles filter verified, 0 errors

---

*Repo status Done → Linear **In Review** until user approves Done.*","Done",,"High","1faa8d97-2c93-4e56-b1e9-08a41013c980","UX","ai@socialmediaville.ca","ai@socialmediaville.ca","cursor:queued, phase:mvp, scr, track:venues",,,,,"2026-06-02T14:50:04.097Z","2026-06-05T22:44:27.054Z","2026-06-02T14:50:04.440Z",,"2026-06-03T02:56:17.803Z",,,"2026-06-09T14:50:05.146Z",,"",,,"Completed","7f092e94-f791-4e28-ab80-0c7dce0390a8",7977,"SAN-314, SAN-585, SAN-519, SAN-575, SAN-566, SAN-491","",
"SAN-491","Sanjiovani","SCREEN-022 — Nightlife Listings + Map","## Purpose

Ship `/nightlife` **browse** ([SAN-491](https://linear.app/sanjiovani/issue/SAN-491/screen-022-nightlife-listings-map)) mirroring [SAN-490](https://linear.app/sanjiovani/issue/SAN-490/screen-023-restaurant-listings-page) `/restaurants`, plus chat nightlife mode on `/` (Phase A — largely shipped).

## Goals

As a **Tourist**, browse clubs and bars in Medellín by neighborhood and vibe without the AI concierge.

Key outcomes:

* `/nightlife` page loads curated rows from `searchNightclubVenueAnchors` (`venue_anchors.kind = nightclub`)
* `NightlifeBrowseView` grid (2-col desktop, 1-col mobile) — name, neighborhood, vibe chip, summary, Maps link
* Neighborhood chips: Provenza, Laureles, El Poblado, Manila
* Vibe chips: Reggaeton, Rooftop, Salsa, Cocktails, Live DJ
* Static Medellín safety copy on browse page
* `data-testid=""nightlife-page""`, `data-testid=""nightlife-card-{id}""`
* Chat Phase A: `NightlifeDetailPanel` + `SCREEN-022-nightlife-listings.spec.ts`

## Tracking

| Field | Value |
| -- | -- |
| Task ID | `SCREEN-022` |
| Spec | `tasks/venues/tasks/mvp/wireframes/007-scr-nightlife-listings-map.md` |
| Wire | [`007-wire-nightlife-listings-map.md`](<https://linear.app/sanjiovani/issue/SAN-267>) |
| Template | `008-scr-restaurant-listings-map.md` ([SAN-490](https://linear.app/sanjiovani/issue/SAN-490/screen-023-restaurant-listings-page)) |
| Route | `/nightlife` |
| Data | Server component → `loadNightlifeListings` → `searchNightclubVenueAnchors` |
| **Do not use** | `POST /api/venues/search` (not on disk) |

## Acceptance criteria

- [X] `/nightlife` renders nightlife venues from Supabase anchors
- [X] Neighborhood + vibe filter chips via URL params
- [X] Safety notice on browse page
- [X] Playwright: `SCREEN-022-nightlife-browse.spec.ts`
- [ ] Evidence: `tasks/venues/tasks/evidence/SCREEN-022-evidence.md`
- [ ] `npm run floor` green after merge

---

*Diagrams + audit fixes in spec §10.*","Done",,"High","1faa8d97-2c93-4e56-b1e9-08a41013c980","UX","ai@socialmediaville.ca","ai@socialmediaville.ca","phase:mvp, scr, track:venues",,,,,"2026-06-02T15:55:22.359Z","2026-06-05T20:22:06.774Z","2026-06-04T06:08:59.962Z",,"2026-06-04T10:28:51.178Z",,,"2026-06-09T15:55:23.889Z",,"",,,"Completed","37aff3fc-189f-4fa8-8527-065a5e3ba95b",6084,"SAN-490, SAN-267, SAN-575, SAN-566, SAN-549","",
"SAN-450","Sanjiovani","PR-02 — Hoist ConciergeCoAgentProvider to layout","Merged #41 — ConciergeCoAgentProvider hoisted app-wide @ a9eb176.","Done",,"High","1faa8d97-2c93-4e56-b1e9-08a41013c980","UX","ai@socialmediaville.ca",,"stack:copilotkit, track:pr, track:ux",,,,,"2026-06-01T17:17:51.669Z","2026-06-05T19:59:25.909Z",,,"2026-06-01T18:51:30.794Z",,,,,"",,,,"7698f4cb-e8da-4e8e-a702-42ede9a27090",9902,"SAN-447","",
"SAN-319","Sanjiovani","UX-005 — Chat thinking indicator","**Superseded by SAN-320 (UX-015)** — thinking indicator ships in same PR #17.

Spec: tasks/ux/tasks/UX-015-ship-pr17-error-bridge-split-scope.md","Done",,"High","1faa8d97-2c93-4e56-b1e9-08a41013c980","UX","ai@socialmediaville.ca",,"area:concierge, area:launch, phase:launch, prefix:AIA, stack:copilotkit, stack:gemini, stack:mastra, track:ux",1,"Cycle 1","2026-06-08T05:00:00.000Z","2026-06-22T05:00:00.000Z","2026-05-29T23:27:07.612Z","2026-06-05T19:59:25.961Z","2026-05-30T12:36:02.870Z",,"2026-06-01T10:53:47.109Z",,,,,"",,,,"088201dc-7238-41c5-9a15-49dba9484ad4",10379,"SAN-322, SAN-320, SAN-316","",
"SAN-316","Sanjiovani","UX-003 — Rental price parser ($500/night)","## UX-003 — Rental price parser fix

**Merged:** PR #15 (`feat/ux-003-night-parser`) — squash merged 2026-05-30

### Fix

`parseBudget()` in `src/lib/rental-query-parser.ts`:

* Before: `/\/\s*night|per night/i` — only matched literal `/night` or ""per night""
* After: `/\bnight(?:ly)?\b/i` — catches ""a night"", ""nightly"", ""per night"", ""/night""

Without this fix, ""$500 a night"" and ""$500 nightly"" fell through to monthly heuristic (÷30 ≈ $17/night).

### Tests

5 new Vitest tests in `src/lib/__tests__/rental-query-parser.test.ts` covering:

* `$80/night` → nightly
* `$500/night` → nightly
* `$500 a night` → nightly (regression case)
* `$500 nightly` → nightly (regression case)
* `$1500/month` → monthly (no regression)

### Floor

`npm run floor` → 318/318 passed (313 + 5 new tests) · exit 0","Done",,"High","1faa8d97-2c93-4e56-b1e9-08a41013c980","UX","ai@socialmediaville.ca","ai@socialmediaville.ca","area:concierge, area:launch, area:rentals, phase:launch, prefix:RNT, stack:copilotkit, stack:mastra, stack:nextjs, track:ux",1,"Cycle 1","2026-06-08T05:00:00.000Z","2026-06-22T05:00:00.000Z","2026-05-29T23:26:57.641Z","2026-06-05T19:59:26.002Z","2026-05-30T10:48:52.770Z",,"2026-05-30T11:51:37.714Z",,,,,"",,,,"152539cd-fb17-4331-a805-2a2ffc5ea24d",13202,"SAN-320, SAN-319","",
"SAN-268","Sanjiovani","UIX-040 — SCREEN-020 — Accessibility Pass (MVP surfaces)","## Product code

**UIX-040** — SCREEN-020 — Accessibility Pass (MVP surfaces)

| Traceability | Value |
| -- | -- |
| Linear | SAN-268 |
| Spec | `SCREEN-020` |
| Prefix | UIX |

*Catalog naming:* `scripts/linear-apply-prefix-catalog.mjs` *· Registry:* `tasks/linear/prefix-catalog.json`

---

## Purpose

WCAG-oriented pass on Phase 1–3 surfaces: focus order, aria labels, keyboard nav, contrast.

## Goals

WCAG-oriented pass on Phase 1–3 surfaces: focus order, aria labels, keyboard nav, contrast.
As **Camila** using keyboard, I want to select rental cards and open the map, so I'm not mouse-dependent.

Key outcomes:

* Tab through nav → chat → cards without trap (except modals)
* Modals: focus trap + Esc close
* Map FAB has `aria-label`
* Color contrast on primary CTAs passes spot check

## Features

* Audit: nav rail, rental cards, map FAB, modals, CopilotChat region
* Fix: focus traps in dialogs, `aria-live` on new messages, pin keyboard focus (F50)
* Ensure generative cards are in tab order / button roles where clickable
* Marker accessibility labels (title from pin data)

## Real-world example

**Camila** on `All MVP: `/`, modals, `/events/\[slug\]`, `/login\`\` taps through the flow to to select rental cards and open the map → I'm not mouse-dependent.

## Persona & surface

* **Persona:** Camila
* **Surface:** All MVP: `/`, modals, `/events/[slug]`, `/login`

## Where to view (exact URLs)

| Surface | Localhost | Production |
| -- | -- | -- |
| Home — open modal from rental/event card (Use Schedule viewing or checkout CTA on a card) | [open](<http://localhost:3001/>) | [open](<https://www.mdeai.co/>) |

**Local dev:** `cd mdeapp && npm run dev` → confirm port on `[ui]` line (usually `:3001`).

## Completion proof

* **Evidence file:** `tasks/evidence/SCREEN-020-evidence.md`
* **Summary:** Verified: 2026-05-20 · Playwright: 4/4
* **Playwright:** `../../../mdeapp/e2e/screens/SCREEN-020-*.spec.ts`
* **Agent must verify:** restart dev → localhost URLs above → same flow on [mdeai.co](<https://www.mdeai.co/>) before claiming ship.

## Tracking

| Field | Value |
| -- | -- |
| Task ID | `SCREEN-020` |
| Spec | `tasks/screens/020-scr-accessibility-pass.md` |
| Type | screen build spec |
| Repo status | Done |
| Priority | P1 |
| Phase | Cross-cutting |
| Depends on | SCREEN-019 |
| Evidence | `../notes/SCREEN-020-evidence.md` |

---

*Spec file on disk is source of truth. Repo* `status: Done` *→ Linear **In Review** until user approves Done.*","Done",,"High","1faa8d97-2c93-4e56-b1e9-08a41013c980","UX","ai@socialmediaville.ca",,"scr",,,,,"2026-05-27T09:29:52.479Z","2026-06-05T20:46:26.329Z","2026-05-27T16:09:51.749Z",,"2026-06-05T20:46:26.305Z",,,,,"",,,,"00fc9ac3-8fe1-4d4e-bd90-4ac5867cc552",4427,"SAN-580","",
"SAN-265","Sanjiovani","UIX-037 — SCREEN-019 — Loading / Error / Empty States","## Product code

**UIX-037** — SCREEN-019 — Loading / Error / Empty States

| Traceability | Value |
| -- | -- |
| Linear | SAN-265 |
| Spec | `SCREEN-019` |
| Prefix | UIX |

*Catalog naming:* `scripts/linear-apply-prefix-catalog.mjs` *· Registry:* `tasks/linear/prefix-catalog.json`

---

## Purpose

Consistent skeletons, empty copy, and error recovery across chat, map, modals, and pages.

## Goals

Consistent skeletons, empty copy, and error recovery across chat, map, modals, and pages.
As **Camila**, I want clear feedback when search returns zero results, so I know to widen filters.

Key outcomes:

* Zero rental results → empty card + suggestion chips
* Map empty before search → illustrated empty state
* Failed lead submit → toast + modal stays open
* No uncaught red console errors on happy path (`verify:console`)

## Features

* Chat: message skeleton, tool-error chip with retry
* Map: empty state component in `chat-map-panel.tsx`
* Modals: inline errors on submit failure
* Nav: empty thread list copy
* Surface agent/tool errors as user-readable chips (no raw stack traces)
* Tool returns `{ error, code }` pattern — already spec'd

## Real-world example

**Camila** on \`\`/`, modals, `/saved`, `/trips`, map panel` taps through the flow to clear feedback when search returns zero results → I know to widen filters.

## Persona & surface

* **Persona:** Camila
* **Surface:** `/`, modals, `/saved`, `/trips`, map panel

## Where to view (exact URLs)

| Surface | Localhost | Production |
| -- | -- | -- |
| Home — open modal from rental/event card (Use Schedule viewing or checkout CTA on a card) | [open](<http://localhost:3001/>) | [open](<https://www.mdeai.co/>) |

**Local dev:** `cd mdeapp && npm run dev` → confirm port on `[ui]` line (usually `:3001`).

## Completion proof

* **Evidence file:** `tasks/evidence/SCREEN-019-evidence.md`
* **Summary:** Verified: 2026-05-20 · Playwright: 4/4
* **Playwright:** `../../../mdeapp/e2e/screens/SCREEN-019-*.spec.ts`
* **Agent must verify:** restart dev → localhost URLs above → same flow on [mdeai.co](<https://www.mdeai.co/>) before claiming ship.

## Tracking

| Field | Value |
| -- | -- |
| Task ID | `SCREEN-019` |
| Spec | `tasks/screens/019-scr-loading-error-empty-states.md` |
| Type | screen build spec |
| Repo status | Done |
| Priority | P1 |
| Phase | Cross-cutting |
| Depends on | SCREEN-001, SCREEN-005, SCREEN-006 |
| Evidence | `../notes/SCREEN-019-evidence.md` |

---

*Spec file on disk is source of truth. Repo* `status: Done` *→ Linear **In Review** until user approves Done.*","Done",,"High","1faa8d97-2c93-4e56-b1e9-08a41013c980","UX","ai@socialmediaville.ca",,"scr",,,,,"2026-05-27T09:29:48.582Z","2026-06-05T20:46:28.512Z","2026-05-27T16:09:51.474Z",,"2026-06-05T20:46:28.464Z",,,,,"",,,,"fb573201-a5b3-41a5-8e6d-61b4ccbe2e10",4427,"SAN-580","",
"SAN-253","Sanjiovani","UIX-025 — SCREEN-011 — Saved Collections Page","## Product code

**UIX-025** — SCREEN-011 — Saved Collections Page

| Traceability | Value |
| -- | -- |
| Linear | SAN-253 |
| Spec | `SCREEN-011` |
| Prefix | UIX |

*Catalog naming:* `scripts/linear-apply-prefix-catalog.mjs` *· Registry:* `tasks/linear/prefix-catalog.json`

---

## Purpose

`/saved` page listing hearts/collections with map filter hook.

## Goals

`/saved` page listing hearts/collections with map filter hook.
As **Camila**, I want my saved apartments in one place, so I compare shortlists across chat sessions.

Key outcomes:

* `/saved` renders authenticated user's saves
* Empty state when no saves
* User A cannot see User B saves (RLS)
* Nav link from SCREEN-002 enabled

## Features

* Create `app/saved/page.tsx`
* Reuse/adapt `components/cards/SavedItemsCard.tsx`
* Collection grid + empty state
* Optional link from nav rail (SCREEN-002)
* `save_place` tool (new Phase 4) — reference WORKFLOW-004, don't block page shell
* Optional mini-map with collection pins

## Real-world example

**Camila** on `/saved` taps through the flow to my saved apartments in one place → I compare shortlists across chat sessions.

## Persona & surface

* **Persona:** Camila
* **Surface:** `/saved`

## Where to view (exact URLs)

| Surface | Localhost | Production |
| -- | -- | -- |
| `/saved` | [open](<http://localhost:3001/>) | [open](<https://www.mdeai.co/>) |

**Local dev:** `cd mdeapp && npm run dev` → confirm port on `[ui]` line (usually `:3001`).

## Completion proof

* **Evidence file:** `tasks/evidence/SCREEN-011-evidence.md`
* **Summary:** Verified: 2026-05-20   · Playwright: 3/3
* **Playwright:** `../../../mdeapp/e2e/screens/SCREEN-011-*.spec.ts`
* **Agent must verify:** restart dev → localhost URLs above → same flow on [mdeai.co](<https://www.mdeai.co/>) before claiming ship.

## Tracking

| Field | Value |
| -- | -- |
| Task ID | `SCREEN-011` |
| Spec | `tasks/trips/wireframes/014-scr-saved-collections-page.md` |
| Type | screen build spec |
| Repo status | Done |
| Priority | P1 |
| Phase | MVP Phase 4 |
| Depends on | SCREEN-005, SCREEN-002 |
| Wireframes | 014-wire-saved-collections.md |
| Evidence | `../notes/SCREEN-011-evidence.md` |

---

*Spec file on disk is source of truth. Repo* `status: Done` *→ Linear **In Review** until user approves Done.*","Done",,"High","1faa8d97-2c93-4e56-b1e9-08a41013c980","UX","ai@socialmediaville.ca",,"scr",,,,,"2026-05-27T09:29:40.513Z","2026-06-08T05:59:30.146Z",,,"2026-05-27T09:29:40.573Z",,,,,"",,,,"efe369f7-1233-4594-b541-7e88e5d555a7",17664,"SAN-278, SAN-576","",
"SAN-430","Sanjiovani","UX-016 — Playwright RUN_ERROR → error bubble e2e","**Track:** UX PR-stack remediation · **ux-stack:05**

**Spec:** `tasks/ux/tasks/UX-016-playwright-run-error-e2e.md`

**Index:** [`tasks/ux/tasks/INDEX.md`](<../../tasks/ux/tasks/INDEX.md>)

**View:** [UX tasks](<https://linear.app/sanjiovani/view/ux-tasks-0e5d9fe91725>)

**Depends:** \[UX-015\]

---

# UX-016 — Playwright RUN_ERROR → error bubble e2e

## Plain-English problem

UX-002 ships error UI with Vitest coverage but **no Playwright proof**. QA cannot regression-gate RUN_ERROR without a live failing concierge.

## User impact

* **Lucía (QA):** Cannot CI-gate “error bubble appears” — audit scored tests 72–80% for #17.

## Root cause

**KNOWN spec gap (audit B4).** Task UX-002 listed Playwright AC; not implemented on remote #17.

## Files likely involved

| File | Change |
| -- | -- |
| `mdeapp/e2e/concierge-run-error.spec.ts` (or `tests/e2e/`) | New spec |
| `mdeapp/playwright.config.ts` | Route intercept helper if needed |

## Implementation steps

1. Navigate `/` (concierge chat).
2. `page.route('**/api/copilotkit**')` → return SSE: `RUN_STARTED` then `RUN_ERROR` (`INCOMPLETE_STREAM`).
3. Send user message; assert `[data-testid=concierge-error-notice]` visible.
4. Click Retry; assert second POST issued.
5. Optional: hang route → timeout path asserts same notice.

## Acceptance criteria

- [ ] Playwright spec passes locally and in CI.
- [ ] Does not require prod concierge health or Gemini key.
- [ ] Evidence screenshot under `tasks/testing/evidence/<date>/`.
- [ ] Linked from UX-002 acceptance checklist.

## Do not overbuild

* One spec file; no full concierge conversation suite.

## Flow diagram

```mermaid
sequenceDiagram
    participant PW as Playwright
    participant UI as Chat UI
    participant API as POST /api/copilotkit

    PW->>API: route intercept SSE
    PW->>UI: send café query
    API-->>UI: RUN_STARTED
    API-->>UI: RUN_ERROR INCOMPLETE_STREAM
    UI-->>PW: assert concierge-error-notice
    PW->>UI: click Retry
    PW->>API: assert 2nd POST
```

## Verification (2026-05-31)

| Claim | Result |
| -- | -- |
| smoke:ux005-thinking script | 🔴 Not in package.json |
| concierge-error-notice testId | ✅ Vitest exists |
| Playwright spec | ❌ Not yet created |
","Done",,"High","1faa8d97-2c93-4e56-b1e9-08a41013c980","UX","ai@socialmediaville.ca",,"track:ux, ux-stack:05",,,,,"2026-05-31T19:04:01.727Z","2026-06-05T19:59:26.054Z",,,"2026-06-01T10:53:05.725Z",,,,,"",,,,"f4e46e43-e068-4a13-9501-5c0bc817babc",10380,"SAN-320, SAN-318","",
"SAN-431","Sanjiovani","UX-031 — Live audit vertical smoke — 4-query regression matrix","**Track:** UX PR-stack remediation · **ux-stack:06**

**Spec:** `tasks/ux/tasks/UX-031-live-audit-vertical-smoke.md`

**Index:** [`tasks/ux/tasks/INDEX.md`](<../../tasks/ux/tasks/INDEX.md>)

**View:** [UX tasks](<https://linear.app/sanjiovani/view/ux-tasks-0e5d9fe91725>)

**Depends:** \[UX-019, UX-013, UX-014\]

---

# UX-031 — Live audit vertical smoke

## Purpose

[`23-live-audit.md`](<../tests/23-live-audit.md>) §1 matrix was manual. Lock it as Playwright or script so **60% → 90%** session score is CI-gated.

## Scenarios (from audit)

| \# | Query | Assert |
| -- | -- | -- |
| 1 | `1BR in Laureles under $80/night` | `POST /api/rentals/search` 200; ≥1 `[data-testid=""rental-card""]`; assistant mentions rentals |
| 2 | `salsa events this weekend` | `POST /api/events/search`; ≥1 event card; optional B-06 fallback copy |
| 3 | **After #2** — `quiet rooftop dinner in Provenza` | **NOT** `/api/events/search`; agent or restaurant path; no ""Found N events"" |
| 4 | `good specialty coffee in Laureles` | ≥1 café/grounded card OR curated fallback; not ""No places found"" (with ADK mocked down) |

## Implementation

* Playwright spec `e2e/live-audit-verticals.spec.ts` (create new)
* Reuse helpers from `e2e/helpers/maps-layout.ts`
* **Do not** reference `scripts/intelligence/golden-queries-smoke.ts` — file absent on main branch
* Scenario 3 is the **session-order** case — must run in same browser context after scenario 2
* Scenario 4: route/mock ADK unavailable OR use env flag so fallback path executes

## Acceptance

- [ ] All 4 scenarios pass locally
- [ ] Evidence path: `tasks/testing/evidence/<date>/live-audit-verticals/`
- [ ] Linked from `23-live-audit.md` §11

## Flow diagram

```mermaid
flowchart LR
  T1[Rental query] --> T2[Event query]
  T2 --> T3[Dinner after events]
  T3 --> T4[Café ADK down]
  T1 -->|pass| E1[5 rental cards]
  T2 -->|pass| E2[6 event cards]
  T3 -->|fail if B-09| E3[must NOT be events]
  T4 -->|fail if B-10| E4[must NOT empty]
```

## Verification (2026-05-31)

| Claim | Result |
| -- | -- |
| Manual audit done | ✅ 23-live-audit.md |
| Automated spec | ❌ Not yet |
| Depends UX-019 B-09 | 🔴 Scenario 3 |
","Done",,"High","1faa8d97-2c93-4e56-b1e9-08a41013c980","UX","ai@socialmediaville.ca",,"track:ux, ux-stack:06",,,,,"2026-05-31T19:04:02.372Z","2026-06-05T19:59:26.102Z",,,"2026-06-01T10:53:28.978Z",,,,,"",,,,"edec163d-bcf9-4c93-b5ee-846430ab7a9b",10380,"SAN-322, SAN-318","",
"SAN-433","Sanjiovani","UX-035 — Verify UX-003 rental parser on production","**Track:** UX PR-stack remediation · **ux-stack:08**

**Spec:** `tasks/ux/tasks/UX-035-rental-parser-prod-verify.md`

**Status (2026-06-01):** ✅ **Done** — G2d production smoke Q1 PASS on `https://www.mdeai.co` @ prod SHA `cd7fb09` (PR #29 + #30 merged).

## Prod verification

| Check | Result |
| -- | -- |
| Query `1BR in Laureles under $80/night` | ✅ 5 rental cards + 5 map pins |
| `POST /api/rentals/search` nightly budget | ✅ (not monthly ÷30 bug) |
| Evidence | `tasks/testing/evidence/prod-smoke-2026-06-01.md` · `prod-smoke/01-rentals.png` |

Closes prod-verify gate for merged UX-003 / [SAN-316](https://linear.app/sanjiovani/issue/SAN-316/ux-003-rental-price-parser-dollar500night) parser fix.","Done",,"High","1faa8d97-2c93-4e56-b1e9-08a41013c980","UX","ai@socialmediaville.ca",,"track:ux, ux-stack:08",,,,,"2026-05-31T19:04:03.909Z","2026-06-05T19:59:26.977Z",,,"2026-06-01T12:45:37.081Z",,,,,"",,,,"6ccfd879-4070-4140-84f0-a4960ec64673",10268,"SAN-318","",
"SAN-439","Sanjiovani","UX-025 — RestaurantCard rich — photo, rating, badges, detail panel","**Track:** UX PR-stack remediation · **ux-stack:15**

**Spec:** `tasks/ux/tasks/UX-025-restaurant-card-rich.md`

**Index:** [`tasks/ux/tasks/INDEX.md`](<../../tasks/ux/tasks/INDEX.md>)

**View:** [UX tasks](<https://linear.app/sanjiovani/view/ux-tasks-0e5d9fe91725>)

**Depends:** \[UX-022, UX-023\]

---

# UX-025 — RestaurantCard rich (M2)

## Purpose

Tourist asking ""best ramen Poblado"" gets café-quality cards, not title + plain link.

## Affected files

| Create | Modify |
| -- | -- |
| `restaurant-card.tsx` | `search-tool-renders.tsx` restaurant branch |
|  | `domain-results.tsx` renderCard |
|  | Reuse `places-display` formatters, `placesPhotoProxyUrl` |

## Data source

Consume existing restaurant tool payload fields (place_id, rating, photo, price_level, open_now) — **no tool schema change**.

## Detail panel

Minimum: `VenueDetailSheet` with place summary + Maps links. Full Places enrichment optional follow-up.

## Tests

* Vitest: maps sparse payload → glyph placeholder, no crash.
* Vitest: full payload → photo + Badge price + rating line.
* Playwright: restaurant query → N rich cards, 0 side-panel dup.

## Acceptance

- [ ] Restaurant branch renders `RestaurantCard`, not bare `PlaceResultCard`.
- [ ] Details CTA opens panel/sheet.
- [ ] Map pin sync via UX-022 contract.
- [ ] `npm run floor` green + browser evidence.

## Flow diagram

```mermaid
flowchart LR
  Tool[searchRestaurantsTool] --> Shell[ResultCardShell]
  Shell --> RC[RestaurantCard]
  RC --> Panel[VenueDetailSheet]
  RC --> Map[ToolPinsSync via UX-022]
```

## Verification (2026-05-31)

| Claim | Result |
| -- | -- |
| Depends UX-022 | ✅ pin sync prerequisite |
| Depends UX-023 | ✅ shell prerequisite |
| PlaceResultCard today | 🔴 minimal — 3/10 audit score |
","Done",,"High","1faa8d97-2c93-4e56-b1e9-08a41013c980","UX","ai@socialmediaville.ca",,"track:ux, ux-stack:15",,,,,"2026-05-31T19:04:09.765Z","2026-06-05T19:59:27.016Z",,,"2026-06-01T10:53:28.745Z",,,,,"",,,,"bc7a6b5a-0c3b-45a3-b2e3-0f9f6b771555",10380,"SAN-440, SAN-318","",
"SAN-441","Sanjiovani","UX-030 — Card system tests — pin parity and Playwright per domain","**Track:** UX PR-stack remediation · **ux-stack:17**

**Spec:** `tasks/ux/tasks/UX-030-card-system-tests.md`

**Index:** [`tasks/ux/tasks/INDEX.md`](<../../tasks/ux/tasks/INDEX.md>)

**View:** [UX tasks](<https://linear.app/sanjiovani/view/ux-tasks-0e5d9fe91725>)

**Depends:** \[UX-022, UX-021\]

---

# UX-030 — Card system test suite (M5)

## Purpose

Prevent regression of duplicate panels and broken map sync — the exact bugs UX-010/22-card-audit found.

## Test matrix

| Test | Type | Assert |
| -- | -- | -- |
| `shouldSuppressGenericMapResults` all categories | Vitest | true when registrar mounted |
| Pin parity builder | Vitest | `rows.length === pins.length` |
| Card `data-pin-id` | Vitest | matches pin id from ToolPinsSync input |
| aria-label present | Vitest | all card kinds |
| Rental domain e2e | Playwright | N cards, N markers, 0 pin-row dup |
| Café domain e2e | Playwright | same |
| Restaurant domain e2e | Playwright | same + rich card testid |
| Event domain e2e | Playwright | same |
| Hover highlight | Playwright | optional data attribute on pin |
| Fallback render | Vitest | sparse payload no throw |

## Files

* `mdeapp/src/platform/copilot/__tests__/rich-card-results.test.ts` (extend)
* `mdeapp/e2e/card-unification.spec.ts` (new)
* `tasks/testing/evidence/<date>/card-unification-*.png`

## Acceptance

- [ ] All new tests pass in CI.
- [ ] `npm run floor` green.
- [ ] Evidence folder populated for Done gate.

## Flow diagram

```mermaid
flowchart TD
  subgraph invariant [1:1 invariant per domain]
    C[cards.length]
    P[pins.length]
    M[markers.length]
  end
  C --> P
  P --> M
  E2E[e2e/rich-card-dedup.spec.ts] --> Cafe[café ✅]
  E2E --> Event[event ✅]
  E2E --> Rental[rental ✅]
  E2E -.-> Restaurant[restaurant ❌ add test]
```

## Verification (2026-05-31)

| Claim | Result |
| -- | -- |
| rich-card-dedup.spec.ts | ✅ exists — extend for restaurant |
| golden-queries-smoke | 🔴 not on main |
| Pin parity unit tests | Partial in platform/copilot |
","Done",,"High","1faa8d97-2c93-4e56-b1e9-08a41013c980","UX","ai@socialmediaville.ca",,"track:ux, ux-stack:17",,,,,"2026-05-31T19:04:10.837Z","2026-06-05T19:59:27.055Z",,,"2026-06-01T10:53:28.389Z",,,,,"",,,,"a62bd18e-b394-4327-b4e5-85df84acc708",10380,"SAN-318","",
"SAN-440","Sanjiovani","UX-028 — PlaceResultCard minimum fallback upgrade","**Track:** UX wave 1 · **PR-A**

**Spec:** `tasks/ux/tasks/UX-028-place-result-card-fallback-upgrade.md`

**Shipped:** Restaurant Places photo proxy on `POST /api/restaurants/search` ([amo-tech-ai/mdeapp#35](https://linear.app/sanjiovani/review/fixux-restaurant-places-photo-proxy-on-search-api-san-440-b3cb5961b88c) `d9ce40c`).

## Status (2026-06-01) — **Done**

| Gate | Result |
| -- | -- |
| Prod API `/api/places/photo` heroes | ✅ |
| Prod visual + synthetic smoke | ✅ 0 photo placeholders |

Evidence: `tasks/testing/evidence/visual-cards-prod/`, `prod-synthetic-smoke-2026-06-01.md`","Done",,"High","1faa8d97-2c93-4e56-b1e9-08a41013c980","UX","ai@socialmediaville.ca","ai@socialmediaville.ca","track:ux, ux-stack:16",,,,,"2026-05-31T19:04:10.340Z","2026-06-05T19:59:27.105Z","2026-06-01T13:58:27.590Z",,"2026-06-01T14:04:08.508Z",,,,,"",,,,"f5c52797-20bd-44b8-a583-21bfe4fa2088",10189,"SAN-439","",
"SAN-587","Sanjiovani","D-09b — Re-skin /events browse (after SAN-518)","## D-09b — Re-skin `/events` browse (skin-only)

**Parent:** [SAN-566](https://linear.app/sanjiovani/issue/SAN-566/design-track-light-luxury-re-skin-concierge-os-d-01-d-14) Design Track · **Gap audit 2026-06-05**

D-09 ([SAN-575](https://linear.app/sanjiovani/issue/SAN-575/d-09-re-skin-discovery-surfaces-existing-routes)) covers `/restaurants`, `/nightlife`, `/rentals`, `/cafes` only. `/events` **was missing** from the design re-skin queue.

### Route order

| Route | Track A owner | Design action |
| -- | -- | -- |
| `/events` | [SAN-518](https://linear.app/sanjiovani/issue/SAN-518/screen-027-events-browse-listing-events) | Re-skin **after** functional browse ships |

### Depends on

* [SAN-574](https://linear.app/sanjiovani/issue/SAN-574/d-08-shared-browse-system-venuecard-browselayout) (D-08 VenueCard + BrowseLayout)
* [SAN-518](https://linear.app/sanjiovani/issue/SAN-518/screen-027-events-browse-listing-events) (SCREEN-027 functional browse)
* SPEC-027 disk scr (create under `tasks/design/tasks/D-09b-events-reskin.md`)

### Acceptance criteria

- [ ] `/events` uses `<BrowseLayout>` + event card shell from D-08 where applicable
- [ ] Vertical accent per D-02; no hardcoded `gray-*`
- [ ] CopilotKit v1 only; no chat/agent changes
- [ ] Playwright journey + evidence under `tasks/testing/evidence/`

### Audit reference

`tasks/design/notes/notes-3.md`","Done",,"Medium","1faa8d97-2c93-4e56-b1e9-08a41013c980","UX","ai@socialmediaville.ca","ai@socialmediaville.ca","scr, track:ux",,,,,"2026-06-05T22:44:28.566Z","2026-06-06T02:36:14.249Z","2026-06-06T02:21:23.442Z",,"2026-06-06T02:36:14.223Z",,,,"SAN-566","",,,,"dd72159a-5443-4095-beba-6c6c01c72086",3677,"SAN-575, SAN-574, SAN-518, SAN-585","",
"SAN-579","Sanjiovani","D-13 — Re-skin Home (/) from home-wireframe","**Parent:** [SAN-566](https://linear.app/sanjiovani/issue/SAN-566/design-track-light-luxury-re-skin-concierge-os-d-01-d-14) · **Phase 3** · **Step 10a/14** · deps D-08 · ref design-process §3.2
**Disk spec:** `tasks/design/tasks/D-13-home-reskin.md` · **Index:** `tasks/design/tasks/INDEX.md`
**Output:** `/` (home)

Build from `tasks/design/wireframe/home-wireframe.html` (14 bands). `/` is canonical discovery + AI surface (`/chat` alias → `/`).

**Parallelism:** Can start after D-08 — does not require D-09.

## Acceptance criteria

- [ ] Home implements wireframe bands (hero · AI-in-center · carousels · map column)
- [ ] Uses VenueCard from D-08 — no one-off card styles
- [ ] Light-first tokens · mobile responsive
- [ ] Does not rebuild chat chrome — [SAN-232](https://linear.app/sanjiovani/issue/SAN-232/uix-005-screen-001-home-chat-chrome-integration) relatedTo only
- [ ] Loading/empty/error per band (SCREEN-019)

### Proof

```bash
cd mdeapp && npm run floor
node ../tasks/testing/scripts/chat-smoke.mjs --base http://localhost:3001
```","Done",,"Medium","1faa8d97-2c93-4e56-b1e9-08a41013c980","UX","ai@socialmediaville.ca","ai@socialmediaville.ca","scr, track:ux",,,,,"2026-06-05T18:59:27.348Z","2026-06-08T13:02:45.186Z","2026-06-06T14:22:59.425Z",,"2026-06-07T18:52:53.214Z",,,,"SAN-566","","6fc2a6cf-f9e3-4036-b3eb-52868f2c8533","M4 — Surface Re-skins",,"0cca0867-d700-4eb0-ba97-59e57aa2b4c3",1260,"SAN-580, SAN-232, SAN-574, SAN-733","",
"SAN-577","Sanjiovani","D-11 — Map workspace (pins ↔ cards)","**Parent:** [SAN-566](https://linear.app/sanjiovani/issue/SAN-566/design-track-light-luxury-re-skin-concierge-os-d-01-d-14) · **Phase 3** · **Step 11/14** · deps D-08·D-09 · ref design-process §3.3
**Disk spec:** `tasks/design/tasks/D-11-map-workspace.md` · **Index:** `tasks/design/tasks/INDEX.md`
**Output:** map integration in discovery + `/chat`

Pins synced to cards, hover↔pin highlight, pins stream as results load. mapId + X-Goog-FieldMask (hard rules).

## Acceptance criteria

- [X] map-panel shows pins after cards load
- [X] Card hover/focus highlights pin (UX-024 pattern — onPreview wired to VenueCardShell onMouseEnter/onFocus for both RestaurantCard and RentalCard)
- [X] Every Map has mapId · every Places call has FieldMask
- [X] Mobile: map collapses/expands without breaking pin sync (FAB → BrowseMapSheet verified)
- [X] CopilotKit v1 only

## Proof

* ✅ 614 Vitest tests pass on worktree branch
* ✅ `/restaurants` desktop: two-column layout, map panel right, 12 results, 0 JS errors
* ✅ `/rentals` desktop: two-column layout, map panel right, rental cards with Schedule/Save, 0 app errors
* ✅ Mobile (390×844): map FAB visible bottom-right → click opens BrowseMapSheet
* ✅ Rate limiting: first 30 requests allowed, 31st → HTTP 429 `{error:""rate_limited""}` + `Cache-Control: no-store` (verified via 11 integration tests, PR #110)
* ✅ Billing protection: ClusteredCategoryMarkers cleanup on unmount, marker batching via queueMicrotask, Places photo rate limiting

## PRs

* PR #110 — `fix(maps): protect Places APIs and optimize marker clustering`
* PR #109 — `feat(map): SAN-577A — restaurant + rentals map workspace`","Done",,"Medium","1faa8d97-2c93-4e56-b1e9-08a41013c980","UX","ai@socialmediaville.ca","ai@socialmediaville.ca","scr, track:ux",,,,,"2026-06-05T18:59:15.724Z","2026-06-07T23:50:59.142Z","2026-06-07T20:16:17.062Z",,"2026-06-07T23:37:53.006Z",,,,"SAN-566","","6fc2a6cf-f9e3-4036-b3eb-52868f2c8533","M4 — Surface Re-skins",,"c3fce80e-0a17-4a16-9ec6-634983332d42",974,"SAN-580, SAN-247, SAN-524, SAN-574, SAN-575, SAN-722, SAN-478","",
"SAN-572","Sanjiovani","D-06 — Dashboard wireframe (5 domains)","**Parent:** [SAN-566](https://linear.app/sanjiovani/issue/SAN-566/design-track-light-luxury-re-skin-concierge-os-d-01-d-14) · **Phase 1** · **Step 6/14** · deps D-01 · ref design-process §3.1
**Disk spec:** `tasks/design/tasks/D-06-dashboard-wireframe.md` · **Index:** `tasks/design/tasks/INDEX.md`
**Output:** `tasks/design/wireframe/dashboard-wireframe.html`

Annotated wireframe of the 5-domain ""manage your life"" dashboard (trips · tickets · saved · plans). Upgrade `mockups/dashboard.html`. Must not block MVP.","Done",,"Medium","1faa8d97-2c93-4e56-b1e9-08a41013c980","UX","ai@socialmediaville.ca",,"scr, track:ux",,,,,"2026-06-05T18:58:47.064Z","2026-06-05T22:35:12.475Z",,,"2026-06-05T20:39:12.116Z",,,,"SAN-566","","bafb4f07-f43e-4888-a68a-fd1dcef178e2","M2 — Design Foundation",,"705211a9-c735-4cbb-8684-83a46591aeb0",4034,"SAN-576, SAN-567","",
"SAN-570","Sanjiovani","D-04 — Component inventory","**Parent:** [SAN-566](https://linear.app/sanjiovani/issue/SAN-566/design-track-light-luxury-re-skin-concierge-os-d-01-d-14) · **Phase 0 · parallel** · **Step 4/14** · ref design-process §1
**Disk spec:** `tasks/design/tasks/D-04-component-inventory.md` · **Index:** `tasks/design/tasks/INDEX.md`
**Output:** `tasks/design/docs/component-inventory.md` ✅ **shipped 2026-06-05**

Consolidate **concierge-os-direction.md §7** + **home-wireframe.html** spec cards into one 70/20/10-tagged list. Custom only: AI Concierge · Maps · Trips · Event intelligence · Saved · VenueCard.

**Proof:** file on disk (145 lines) · sources updated (no `links-components.md` — never existed on disk).","Done",,"Medium","1faa8d97-2c93-4e56-b1e9-08a41013c980","UX","ai@socialmediaville.ca",,"scr, track:ux",,,,,"2026-06-05T18:58:34.291Z","2026-06-05T22:35:11.008Z",,,"2026-06-05T20:39:11.946Z",,,,"SAN-566","","bafb4f07-f43e-4888-a68a-fd1dcef178e2","M2 — Design Foundation",,"07121ea6-8fb2-4b8e-b73a-cbc74ff394fc",4034,"","",
"SAN-569","Sanjiovani","D-03 — Image strategy","**Parent:** [SAN-566](https://linear.app/sanjiovani/issue/SAN-566/design-track-light-luxury-re-skin-concierge-os-d-01-d-14) · **Phase 0 · parallel** · **Step 3/14** · ref design-process §5
**Disk spec:** `tasks/design/tasks/D-03-images.md` · **Index:** `tasks/design/tasks/INDEX.md`
**Output:** `tasks/design/docs/images.md`

Per-vertical image style + Google Places photo proxy plan (`/api/places/photo`, FieldMask-gated). One pale-teal `#E1F6F2` placeholder (no per-category tints). Blur-up via `next/image placeholder=""blur""`. Never a broken-image box.","Done",,"Medium","1faa8d97-2c93-4e56-b1e9-08a41013c980","UX","ai@socialmediaville.ca",,"scr, track:ux",,,,,"2026-06-05T18:58:28.039Z","2026-06-05T22:35:10.360Z",,,"2026-06-05T20:39:02.982Z",,,,"SAN-566","","bafb4f07-f43e-4888-a68a-fd1dcef178e2","M2 — Design Foundation",,"ac272546-01e5-4660-a789-646acf8194ec",4034,"SAN-574","",
"SAN-568","Sanjiovani","D-02 — Design system doc (document globals.css)","**Parent:** [SAN-566](https://linear.app/sanjiovani/issue/SAN-566/design-track-light-luxury-re-skin-concierge-os-d-01-d-14) · **Phase 0 · parallel** · **Step 2/14** · ref design-process §4
**Disk spec:** `tasks/design/tasks/D-02-design-system.md` · **Index:** `tasks/design/tasks/INDEX.md`
**Output:** `tasks/design/docs/design-system.md`

Transcribe the SHIPPED `mdeapp/src/app/globals.css :root` oklch tokens as the single source: typography · spacing · radius · shadows · colors. Light-final, 2-color (teal + gold), drop emerald (gold==amber). De-drift `DESIGN.MD` (amber hue 65→86, teal undocumented).","Done",,"Medium","1faa8d97-2c93-4e56-b1e9-08a41013c980","UX","ai@socialmediaville.ca",,"scr, track:ux",,,,,"2026-06-05T18:58:22.512Z","2026-06-05T22:35:11.978Z",,,"2026-06-05T20:39:01.146Z",,,,"SAN-566","","bafb4f07-f43e-4888-a68a-fd1dcef178e2","M2 — Design Foundation",,"c846d066-0958-46f2-a612-60034bd6bc1e",4034,"SAN-574","",
"SAN-567","Sanjiovani","D-01 — IA + route reconciliation","**Parent:** [SAN-566](https://linear.app/sanjiovani/issue/SAN-566/design-track-light-luxury-re-skin-concierge-os-d-01-d-14) · **Phase 0 · Foundation docs** · **Step 1/14** · ref design-process §3.1
**Disk spec:** `tasks/design/tasks/D-01-ia-journey.md` · **Index:** `tasks/design/tasks/INDEX.md`
**Output:** `tasks/design/docs/ia-journey.md`

Consolidate nav + the 5-domain product model (Dashboard / Explore / Concierge / Maps / Profile) + the 8-band scroll order into one page. Pull from `concierge-os-direction.md` §4 + `design-process.md` §3.1/§3.2.

**Route decision (DONE 2026-06-05):** re-skin existing routes, no new `/explore`.","Done",,"Medium","1faa8d97-2c93-4e56-b1e9-08a41013c980","UX","ai@socialmediaville.ca",,"scr, track:ux",,,,,"2026-06-05T18:58:16.692Z","2026-06-05T22:35:09.363Z",,,"2026-06-05T20:39:00.862Z",,,,"SAN-566","","bafb4f07-f43e-4888-a68a-fd1dcef178e2","M2 — Design Foundation",,"c89de182-7cdc-4be7-8b26-80e797a7c431",4034,"SAN-571, SAN-575, SAN-572","",
"SAN-518","Sanjiovani","SCREEN-027 — Events browse listing (/events)","SCREEN-027 `/events` browse shipped.

* PR #86 squash-merged → `main` @ `9121df0`
* Consumes `GET /api/events/public` ([SAN-586](https://linear.app/sanjiovani/issue/SAN-586/data-036-public-published-events-list-api-for-events-browse))
* Playwright SCREEN-027: 6/6 PASS
* Evidence: `tasks/testing/evidence/2026-06-06/san-518/`

Nav enable tracked on [SAN-584](https://linear.app/sanjiovani/issue/SAN-584/scr-002b-explore-sidebar-enable-nav-links-at-browse-done).","Done",,"Medium","1faa8d97-2c93-4e56-b1e9-08a41013c980","UX","ai@socialmediaville.ca","ai@socialmediaville.ca","phase:mvp, scr, stack:maps, stack:nextjs",,,,,"2026-06-02T16:01:18.639Z","2026-06-06T02:36:14.251Z","2026-06-06T01:18:08.516Z",,"2026-06-06T01:20:42.070Z",,,,,"",,,,"447fc145-07a2-466b-99e2-eb0cdc62b404",3738,"SAN-587, SAN-585, SAN-586, SAN-575, SAN-584","",
"SAN-478","Sanjiovani","REAL-011 — Rental browse page (/rentals)","## REAL-011 — Rental browse page (/rentals)

**Disk spec:** `tasks/real-estate/wireframes/009-scr-rentals-browse-page.md` · **Nav checklist:** [SAN-584](https://linear.app/sanjiovani/issue/SAN-584/scr-002b-explore-sidebar-enable-nav-links-at-browse-done)

Replaces current `redirect('/chat')`.

### Sidebar nav activation (Done gate — do not enable early)

- [ ] Sidebar nav activation only after browse route is production-ready:
  - [ ] Update `src/components/chat/chat-nav-rail.tsx`
  - [ ] Change `rentals` `href: null` → `/rentals`
  - [ ] Remove Coming soon disabled state
  - [ ] Playwright verifies `[data-testid=""nav-rentals-link""]` click → 200
  - [ ] Route has real catalog content, not placeholder/redirect/404

### Browse acceptance criteria

- [ ] `/rentals` HTTP 200 with ≥1 card (no redirect)
- [ ] Map pins for visible listings
- [ ] Chat entry link works
- [ ] Playwright `e2e/screens/REAL-011-rentals-browse.spec.ts` pass

### Depends on

SCREEN-005 · MAP-001

**Do not enable sidebar link until all AC pass.**","Done",,"Medium","1faa8d97-2c93-4e56-b1e9-08a41013c980","UX","ai@socialmediaville.ca","ai@socialmediaville.ca","phase:mvp, prefix:REAL, scr, track:real",1,"Cycle 1","2026-06-08T05:00:00.000Z","2026-06-22T05:00:00.000Z","2026-06-02T12:40:59.307Z","2026-06-08T07:56:03.287Z","2026-06-07T18:56:56.837Z",,"2026-06-08T07:40:24.510Z",,,,,"",,,,"479cb793-a77f-469c-b0e1-743f3b9aca71",1094,"SAN-574, SAN-577, SAN-584, SAN-575, SAN-566","",
"SAN-449","Sanjiovani","PR-03 — Fix sessionKey remount boundary","Merged #41 — sessionKey remount boundary widened @ a9eb176.","Done",,"Medium","1faa8d97-2c93-4e56-b1e9-08a41013c980","UX","ai@socialmediaville.ca",,"track:pr, track:ux",,,,,"2026-06-01T17:17:51.224Z","2026-06-05T19:59:27.169Z",,,"2026-06-01T18:51:31.422Z",,,,,"",,,,"ae011068-3c65-4b34-97a2-2637217d8430",9902,"SAN-447","",
"SAN-321","Sanjiovani","UX-032 — New chat resets thread, working memory, results, and map pins","**Track:** UX wave 1 · **PR-B** · supersedes **UX-006**

**Spec:** `tasks/ux/tasks/UX-032-new-chat-reset-thread-and-map.md`

## Status — **Done** (prod verified 2026-06-01)

| Gate | Result |
| -- | -- |
| PR [amo-tech-ai/mdeapp#36](https://linear.app/sanjiovani/review/featux-new-chat-resets-thread-map-and-fast-path-state-san-321-94999a3da5ee) `1a51ad2` | ✅ |
| `PROD_SMOKE_BASE_URL=https://www.mdeai.co npm run test:e2e:new-chat` | ✅ 9.3s — rental cards cleared, pins ≤1 |
| Deployed on [mdeai.co](<https://www.mdeai.co>) | ✅ |

Stabilization phase: no further runtime changes unless bug.","Done",,"Medium","1faa8d97-2c93-4e56-b1e9-08a41013c980","UX","ai@socialmediaville.ca","ai@socialmediaville.ca","track:ux, ux-stack:20",,,,,"2026-05-29T23:27:17.706Z","2026-06-05T19:59:27.210Z","2026-06-01T13:36:00.781Z",,"2026-06-01T14:14:01.729Z",,,,,"",,,,"28655ccb-c0b6-4fa0-81b5-34dd173baee2",10179,"SAN-324, SAN-320, SAN-322","",
"SAN-322","Sanjiovani","UX-034 — Production synthetic monitor for conciergeAgent","**Track:** UX wave 1 · merged **#37**

**Spec (archived):** `tasks/PR/archive/ux/UX-034-prod-synthetic-concierge-monitor.md`

**Prod:** nightly workflow live · soak progress tracked in [SAN-462](<https://linear.app/sanjiovani/issue/SAN-462>) @ `4de18f1`

---

## Done — workflow shipped

Nightly cron `0 9 * * *` UTC + `workflow_dispatch` · `PROD_SMOKE_ENABLED=true`

## Stable Beta soak ([SAN-462](https://linear.app/sanjiovani/issue/SAN-462/ops-001-stable-beta-soak-gate-3-scheduled-prod-synthetic))

**1/3 scheduled PASS** — [run 26820069434](<https://github.com/amo-tech-ai/mdeapp/actions/runs/26820069434>) ✅ 2026-06-02

Manual dispatch runs do **not** count.","Done",,"Medium","1faa8d97-2c93-4e56-b1e9-08a41013c980","UX","ai@socialmediaville.ca","ai@socialmediaville.ca","track:core, track:ux, ux-stack:22",,,,,"2026-05-29T23:27:17.987Z","2026-06-05T19:59:27.239Z","2026-06-01T13:58:36.014Z",,"2026-06-01T14:19:37.775Z",,,,,"",,,,"e70142b4-2fb4-4507-9f59-c7c854140c70",10174,"SAN-321, SAN-323, SAN-431, SAN-320, SAN-319","",
"SAN-436","Sanjiovani","UX-020 — CardInteractionProps and shared card types","**Track:** UX Stable Beta · **ux-stack:12** · ✅ **Done**

**Spec (archived):** `tasks/PR/archive/ux/UX-020-card-interaction-props-types.md`

**On prod:** `main` @ `4de18f1` (includes #45 UX-020 + floor CI + hydration)

| Deliverable | Status |
| -- | -- |
| `card-interaction-props.ts` + barrel | ✅ |
| 6 cards extend `CardInteractionProps` | ✅ |
| Vitest `defaultTestId` | ✅ |

**Unblocks types for** [SAN-437](<https://linear.app/sanjiovani/issue/SAN-437>) — runtime shell waits on [SAN-462](<https://linear.app/sanjiovani/issue/SAN-462>) soak.","Done",,"Medium","1faa8d97-2c93-4e56-b1e9-08a41013c980","UX","ai@socialmediaville.ca","ai@socialmediaville.ca","track:ux, ux-stack:12",,,,,"2026-05-31T19:04:08.075Z","2026-06-05T20:39:05.987Z","2026-06-01T19:06:22.149Z",,"2026-06-02T11:59:49.071Z",,,,,"",,,,"a6f27393-39d1-46a6-a5a4-e0c936bb5f4a",8873,"SAN-435, SAN-574, SAN-318","",
"SAN-442","Sanjiovani","UX-026 — AttractionCard rich on ResultCardShell","**Track:** UX PR-stack remediation · **ux-stack:18**

**Spec:** `tasks/ux/tasks/UX-026-attraction-card-rich.md`

**Index:** [`tasks/ux/tasks/INDEX.md`](<../../tasks/ux/tasks/INDEX.md>)

**View:** [UX tasks](<https://linear.app/sanjiovani/view/ux-tasks-0e5d9fe91725>)

**Depends:** \[UX-025\]

---

# UX-026 — AttractionCard rich (M3)

## Purpose

Attractions currently share weak `PlaceResultCard` via `GenericResults` — parity with restaurants after UX-025.

## Affected files

* Create `attraction-card.tsx`
* Modify `search-tool-renders.tsx` attraction branch + `DomainResults`

## Acceptance

- [ ] Attraction search uses `AttractionCard`.
- [ ] `PlaceResultCard` only for unknown/fallback.
- [ ] `npm run floor` green.

## Flow diagram

```mermaid
flowchart LR
  UX025[RestaurantCard M2] --> UX026[AttractionCard M3]
  UX026 --> Same[Same ResultCardShell pattern]
```

## Verification (2026-05-31)

| Claim | Result |
| -- | -- |
| Blocks on UX-025 | ✅ Correct sequencing |
","Done",,"Medium","1faa8d97-2c93-4e56-b1e9-08a41013c980","UX","ai@socialmediaville.ca",,"track:ux, ux-stack:18",,,,,"2026-05-31T19:04:12.083Z","2026-06-05T20:39:05.608Z",,,"2026-06-01T10:53:28.520Z",,,,,"",,,,"6824714b-e99d-434f-8f79-421e334ee3a6",10380,"SAN-443, SAN-574, SAN-318","",
"SAN-719","Sanjiovani","SAN-579B — Remove dead UI files from D-13 branch","**Parent:** [SAN-579](https://linear.app/sanjiovani/issue/SAN-579/d-13-re-skin-home-from-home-wireframe) — D-13 Home Re-skin
**Non-blocking cleanup** — safe to do in a 5-minute PR immediately after [SAN-579](https://linear.app/sanjiovani/issue/SAN-579/d-13-re-skin-home-from-home-wireframe) merges.

## Problem

Two new files were added in the D-13 branch (`claude/eloquent-beaver-849a8e`) but are **never imported anywhere**:

| File | Lines | Status |
| -- | -- | -- |
| `src/components/ui/cta-with-marquee.tsx` | \~170 | Dead — no imports |
| `src/components/ui/navigation-menu.tsx` | \~168 | Dead — no imports |

Both will land on `main` after [SAN-579](https://linear.app/sanjiovani/issue/SAN-579/d-13-re-skin-home-from-home-wireframe) merges. They add dead code to the bundle surface and clutter the `src/components/ui/` directory.

## Action

1. Verify neither file is imported anywhere: `grep -r ""cta-with-marquee\|navigation-menu"" src/`
2. Delete both files
3. Run `npm run floor` to confirm clean
4. Open PR targeting `main` with `Closes SAN-579B`

## Acceptance criteria

- [ ] `src/components/ui/cta-with-marquee.tsx` deleted
- [ ] `src/components/ui/navigation-menu.tsx` deleted
- [ ] `grep -r ""cta-with-marquee\|navigation-menu"" src/` returns no results
- [ ] `npm run floor` passes","Done",,"Low","1faa8d97-2c93-4e56-b1e9-08a41013c980","UX","ai@socialmediaville.ca",,"scr",,,,,"2026-06-07T18:37:28.662Z","2026-06-07T18:53:07.166Z",,,"2026-06-07T18:53:07.153Z",,,,"SAN-579","",,,,"68aee09f-142a-46df-bcbb-ff1bd25c5eb3",1260,"","",
"SAN-365","Sanjiovani","AIA-014 — Add tests for unified result cards","## Product code

**AIA-014** — Add tests for unified result cards

| Traceability | Value |
| -- | -- |
| Linear | SAN-365 |
| Spec | `UX-010-M5` |
| Prefix | AIA |

*Catalog naming:* `scripts/linear-apply-prefix-catalog.mjs` *· Registry:* `tasks/linear/prefix-catalog.json`

---

**Spec:** `UX-010` · **IMP:** 102 · **Persona:** Camila

| Field | Value |
| -- | -- |
| Task ID | `UX-010` |
| Spec path | `UX-010` |
| Board group | area:concierge |

*Title updated by* `scripts/linear-apply-product-titles.mjs` *(2026-05-30).*

---

Lock-in: unit + registry + pin-parity tests + per-domain Playwright (exactly 1 card + 1 pin + 0 duplicate panel) + `npm run floor` green. Reconcile: `maps-layout-desktop.spec` still asserts the `results-pin-row` that UX-010 removes. Risk: Low. Part of UX-010 (SAN-318).","Done",,"No priority","1faa8d97-2c93-4e56-b1e9-08a41013c980","UX","ai@socialmediaville.ca",,"area:concierge, phase:post-mvp, prefix:AIA, stack:copilotkit, stack:gemini, stack:mastra, track:ux",,,,,"2026-05-30T07:27:39.392Z","2026-06-05T19:59:27.338Z",,,"2026-06-01T10:53:39.020Z",,,,"SAN-318","",,,,"4761efc5-42f6-4d5b-904a-0dd68b0d0e31",10380,"","",
"SAN-363","Sanjiovani","VEN-002 — Build rich attraction result cards","## Product code

**VEN-002** — Build rich attraction result cards

| Traceability | Value |
| -- | -- |
| Linear | SAN-363 |
| Spec | `UX-010-M3` |
| Prefix | VEN |

*Catalog naming:* `scripts/linear-apply-prefix-catalog.mjs` *· Registry:* `tasks/linear/prefix-catalog.json`

---

**Spec:** `UX-010` · **IMP:** 102 · **Persona:** Camila

| Field | Value |
| -- | -- |
| Task ID | `UX-010` |
| Spec path | `UX-010` |
| Board group | area:concierge |

*Title updated by* `scripts/linear-apply-product-titles.mjs` *(2026-05-30).*

---

New rich `AttractionCard` on the shell; swap the attraction render. Risk: Med. Part of UX-010 (SAN-318).","Done",,"No priority","1faa8d97-2c93-4e56-b1e9-08a41013c980","UX","ai@socialmediaville.ca",,"area:concierge, phase:post-mvp, prefix:VEN, stack:copilotkit, stack:maps, stack:mastra, stack:supabase, track:ux",,,,,"2026-05-30T07:27:39.392Z","2026-06-05T19:59:27.370Z",,,"2026-06-01T10:53:38.536Z",,,,"SAN-318","",,,,"ad2f986c-fdb7-4427-a354-9d9522440835",10380,"","",
"SAN-362","Sanjiovani","VEN-001 — Build rich restaurant result cards","## Product code

**VEN-001** — Build rich restaurant result cards

| Traceability | Value |
| -- | -- |
| Linear | SAN-362 |
| Spec | `UX-010-M2` |
| Prefix | VEN |

*Catalog naming:* `scripts/linear-apply-prefix-catalog.mjs` *· Registry:* `tasks/linear/prefix-catalog.json`

---

**Spec:** `UX-010` · **IMP:** 102 · **Persona:** Camila

| Field | Value |
| -- | -- |
| Task ID | `UX-010` |
| Spec path | `UX-010` |
| Board group | area:concierge |

*Title updated by* `scripts/linear-apply-product-titles.mjs` *(2026-05-30).*

---

New rich `RestaurantCard` on the shell; swap the restaurant render. May consume field-masked `GET /api/places/detail` (C-012 pattern) — render-layer, no Mastra tool change. Risk: Med. Part of UX-010 (SAN-318).","Done",,"No priority","1faa8d97-2c93-4e56-b1e9-08a41013c980","UX","ai@socialmediaville.ca",,"area:concierge, phase:post-mvp, prefix:VEN, stack:copilotkit, stack:maps, stack:mastra, stack:supabase, track:ux",,,,,"2026-05-30T07:27:39.392Z","2026-06-05T19:59:27.406Z",,,"2026-06-01T10:53:38.350Z",,,,"SAN-318","",,,,"5f4d0d3b-e973-45d6-9898-ffee3a5e92fd",10380,"","",
"SAN-361","Sanjiovani","AIA-012 — Remove duplicate search results panel","**Shipped via UX-022 / PR #29** — DomainResults wrapper removes duplicate side-panel rows. Epic [SAN-318](https://linear.app/sanjiovani/issue/SAN-318/ux-010-unified-result-cards-m0-m5) closed 2026-06-01.","Done",,"No priority","1faa8d97-2c93-4e56-b1e9-08a41013c980","UX","ai@socialmediaville.ca",,"area:concierge, phase:post-mvp, prefix:AIA, stack:copilotkit, stack:gemini, stack:mastra, track:ux",,,,,"2026-05-30T07:27:39.392Z","2026-06-05T19:59:27.439Z",,,"2026-06-01T12:57:02.130Z",,,,"SAN-318","",,,,"9cbefec6-3715-4686-88d9-f2e54f614148",10256,"","",
"SAN-247","Sanjiovani","UIX-019 — WIRE-008 — Map Exploration Panel","## Product code

**UIX-019** — WIRE-008 — Map Exploration Panel

| Traceability | Value |
| -- | -- |
| Linear | SAN-247 |
| Spec | `WIRE-008` |
| Prefix | UIX |

*Catalog naming:* `scripts/linear-apply-prefix-catalog.mjs` *· Registry:* `tasks/linear/prefix-catalog.json`

---

## Purpose

**Persona:** Tourist · **Surface:** right panel Map tab + `/explore` (Phase 2)

## Goals

**Persona:** Tourist · **Surface:** right panel Map tab + `/explore` (Phase 2)

## Features

* Implement **Map Exploration Panel** per spec

## Real-world example

**Persona:** Tourist · **Surface:** right panel Map tab + `/explore` (Phase 2)

## Persona & surface

* **Surface:** right panel

## Where to view (exact URLs)

| Surface | Localhost | Production |
| -- | -- | -- |
| right panel | [open](<http://localhost:3001/>) | [open](<https://www.mdeai.co/>) |

**Local dev:** `cd mdeapp && npm run dev` → confirm port on `[ui]` line (usually `:3001`).

* **Built as:** `SCREEN-010` — use URLs above (wireframe = design; screen = implementation).

## Tracking

| Field | Value |
| -- | -- |
| Task ID | `WIRE-008` |
| Spec | `tasks/maps/wireframes/011-wire-map-exploration.md` |
| Type | wireframe / design spec |
| Repo status | Not Started |
| Priority | P1 |

---

*Spec file on disk is source of truth. Repo* `status: Done` *→ Linear **In Review** until user approves Done.*","Canceled",,"High","1faa8d97-2c93-4e56-b1e9-08a41013c980","UX","ai@socialmediaville.ca",,"phase:post-mvp, prefix:UIX, scr, stack:nextjs, stack:playwright",,,,,"2026-05-27T09:29:36.505Z","2026-06-05T20:59:04.966Z",,,,"2026-06-05T19:37:07.739Z",,,,"",,,,"6915eea5-2206-49bd-804c-b12de417c011",4096,"SAN-577","",
"SAN-244","Sanjiovani","UIX-016 — WIRE-015 — Rentals Browse (catalog)","## Product code

**UIX-016** — WIRE-015 — Rentals Browse (catalog)

| Traceability | Value |
| -- | -- |
| Linear | SAN-244 |
| Spec | `WIRE-015` |
| Prefix | UIX |

*Catalog naming:* `scripts/linear-apply-prefix-catalog.mjs` *· Registry:* `tasks/linear/prefix-catalog.json`

---

## Purpose

**Source:** legacy `Apartments.tsx`, `ThreePanelLayout.tsx`, `Rentals.tsx`   **Persona:** Camila · **Path:** `/rentals`, `/rentals/:id`   **Layout:** Catalog 3-panel — **not** chat canvas (slide-in detail, not persistent map)

## Goals

**Source:** legacy `Apartments.tsx`, `ThreePanelLayout.tsx`, `Rentals.tsx`   **Persona:** Camila · **Path:** `/rentals`, `/rentals/:id`   **Layout:** Catalog 3-panel — **not** chat canvas (slide-in detail, not persistent map)

## Features

* Implement **Rentals Browse (catalog)** per spec

## Real-world example

**Source:** legacy `Apartments.tsx`, `ThreePanelLayout.tsx`, `Rentals.tsx`   **Persona:** Camila · **Path:** `/rentals`, `/rentals/:id`   **Layout:** Catalog 3-panel — **not** chat canvas (slide-in detail, not persistent map)

## Persona & surface

* **Surface:** /rentals

## Where to view (exact URLs)

| Surface | Localhost | Production |
| -- | -- | -- |
| /rentals | [open](<http://localhost:3001/rentals>) | [open](<https://www.mdeai.co/rentals>) |

**Local dev:** `cd mdeapp && npm run dev` → confirm port on `[ui]` line (usually `:3001`).

## Tracking

| Field | Value |
| -- | -- |
| Task ID | `WIRE-015` |
| Spec | `tasks/real-estate/wireframes/009-wire-rentals-browse.md` |
| Type | wireframe / design spec |
| Repo status | Frozen |
| Priority | P1 |
| Phase | Phase 2+ |

---

*Spec file on disk is source of truth. Repo* `status: Done` *→ Linear **In Review** until user approves Done.*","Canceled",,"High","1faa8d97-2c93-4e56-b1e9-08a41013c980","UX","ai@socialmediaville.ca",,"phase:post-mvp, prefix:UIX, scr, stack:nextjs, stack:playwright",,,,,"2026-05-27T09:29:34.813Z","2026-06-05T20:59:04.725Z",,,,"2026-06-05T19:37:03.014Z",,,,"",,,,"edc7b531-670f-4f4e-98ab-440d2fd23aa6",4096,"SAN-575, SAN-571","",
"SAN-432","Sanjiovani","UX-017 — Superseded: PR #19 rebase canceled; use PR #32","**Track:** PR remediation · **PR-11** · **Canceled 2026-06-01**

**Spec:** `tasks/PR/tasks/PR-11-unstack-20-19.md`
**Index:** `tasks/PR/INDEX.md`

---

Do **not** rebase or merge GitHub #19. Use #32 on `main`. Retire #20.","Canceled",,"High","1faa8d97-2c93-4e56-b1e9-08a41013c980","UX","ai@socialmediaville.ca",,"track:pr, track:ux",,,,,"2026-05-31T19:04:03.230Z","2026-06-05T19:59:27.493Z",,,,"2026-06-01T13:07:01.910Z",,,,"",,,,"462f1723-b01a-4360-8196-b4814329db0b",10246,"SAN-428, SAN-427, SAN-320","",
"SAN-267","Sanjiovani","UIX-039 — WIRE-010 — Nightlife Explorer","## Product code

**UIX-039** — WIRE-010 — Nightlife Explorer

| Traceability | Value |
| -- | -- |
| Linear | SAN-267 |
| Spec | `WIRE-010` |
| Prefix | UIX |

*Catalog naming:* `scripts/linear-apply-prefix-catalog.mjs` *· Registry:* `tasks/linear/prefix-catalog.json`

---

## Purpose

> **Places group 007:** [005-008-places-README.md](<005-008-places-README.md>) · Build spec: [007-scr-nightlife-listings-map.md](<007-scr-nightlife-listings-map.md>)

## Goals

> **Places group 007:** [005-008-places-README.md](<005-008-places-README.md>) · Build spec: [007-scr-nightlife-listings-map.md](<007-scr-nightlife-listings-map.md>)

## Features

* Implement **Nightlife Listings + Map (Clubs & Bars)** per spec

## Real-world example

> **Places group 007:** [005-008-places-README.md](<005-008-places-README.md>) · Build spec: [007-scr-nightlife-listings-map.md](<007-scr-nightlife-listings-map.md>)

## Persona & surface

* **Surface:** / (nightlife mode)

## Where to view (exact URLs)

| Surface | Localhost | Production |
| -- | -- | -- |
| / | [open](<http://localhost:3001/>) | [open](<https://www.mdeai.co/>) |

**Local dev:** `cd mdeapp && npm run dev` → confirm port on `[ui]` line (usually `:3001`).

* **Built as:** `SCREEN-022` — use URLs above (wireframe = design; screen = implementation).

## Tracking

| Field | Value |
| -- | -- |
| Task ID | `WIRE-010` |
| Spec | `tasks/venues/tasks/mvp/wireframes/007-wire-nightlife-listings-map.md` |
| Type | wireframe / design spec |
| Repo status | Not Started |
| Priority | P1 |

---

*Spec file on disk is source of truth. Repo* `status: Done` *→ Linear **In Review** until user approves Done.*","Canceled",,"Medium","1faa8d97-2c93-4e56-b1e9-08a41013c980","UX","ai@socialmediaville.ca",,"scr",,,,,"2026-05-27T09:29:51.940Z","2026-06-05T20:59:03.165Z",,,,"2026-06-05T19:37:15.560Z",,,,"",,,,"e4bb2cc4-bff0-4396-8655-4f12056c49b9",4096,"SAN-575, SAN-571, SAN-491","",
"SAN-261","Sanjiovani","UIX-033 — WIRE-016 — Explore Unified","## Product code

**UIX-033** — WIRE-016 — Explore Unified

| Traceability | Value |
| -- | -- |
| Linear | SAN-261 |
| Spec | `WIRE-016` |
| Prefix | UIX |

*Catalog naming:* `scripts/linear-apply-prefix-catalog.mjs` *· Registry:* `tasks/linear/prefix-catalog.json`

---

## Purpose

**Source:** legacy `Explore.tsx`   **Persona:** Tourist, Camila · **Path:** `/explore`   **Layout:** Catalog 3-panel + map-first option

## Goals

**Source:** legacy `Explore.tsx`   **Persona:** Tourist, Camila · **Path:** `/explore`   **Layout:** Catalog 3-panel + map-first option

## Features

* Implement **Explore Unified** per spec

## Real-world example

**Source:** legacy `Explore.tsx`   **Persona:** Tourist, Camila · **Path:** `/explore`   **Layout:** Catalog 3-panel + map-first option

## Persona & surface

* **Surface:** /explore

## Where to view (exact URLs)

| Surface | Localhost | Production |
| -- | -- | -- |
| /explore | [open](<http://localhost:3001/explore>) | [open](<https://www.mdeai.co/explore>) |

**Local dev:** `cd mdeapp && npm run dev` → confirm port on `[ui]` line (usually `:3001`).

## Tracking

| Field | Value |
| -- | -- |
| Task ID | `WIRE-016` |
| Spec | `tasks/trips/wireframes/016-wire-explore-unified.md` |
| Type | wireframe / design spec |
| Repo status | Frozen |
| Priority | P2 |
| Phase | Phase 2+ |

---

*Spec file on disk is source of truth. Repo* `status: Done` *→ Linear **In Review** until user approves Done.*","Canceled",,"Medium","1faa8d97-2c93-4e56-b1e9-08a41013c980","UX","ai@socialmediaville.ca",,"phase:post-mvp, prefix:UIX, scr, stack:nextjs, stack:playwright",,,,,"2026-05-27T09:29:45.577Z","2026-06-05T20:59:02.961Z",,,,"2026-06-05T19:37:11.289Z",,,,"",,,,"d35d39c9-f760-44f0-a5d8-238a77a0b551",4096,"SAN-575, SAN-571","",
"SAN-317","Sanjiovani","AIA-099 — Disable category chips when concierge is down (optional)","## Product code

**AIA-099** — Disable category chips when concierge is down (optional)

| Traceability | Value |
| -- | -- |
| Linear | SAN-317 |
| Spec | `UX-004` |
| Prefix | AIA |

*Catalog naming:* `scripts/linear-apply-prefix-catalog.mjs` *· Registry:* `tasks/linear/prefix-catalog.json`

---

**Spec:** `UX-004` · **IMP:** 096 · **Persona:** Tourist

| Field | Value |
| -- | -- |
| Task ID | `UX-004` |
| Spec path | `UX-004` |
| Board group | area:future |

*Title updated by* `scripts/linear-apply-product-titles.mjs` *(2026-05-30).*

---

**Track:** UX prod remediation (Tier 1C) · **IMP-096** · **ux-order:09**

**Spec:** `tasks/ux/UX-004-disable-events-food-chips-while-concierge-down.md`

**Optional:** Skip — concierge restored (UX-001 done). Only needed if `CONCIERGE_ENABLED` gating is reintroduced.

---

Temporary mitigation: disable Events/Food chips + soften greeting when concierge is down.

---

## 🎯 Goal

While the concierge is degraded, the Events / Food suggestion chips don't lure Camila into a dead path — they render disabled with a ""temporarily unavailable"" hint. **Optional safety-net**, obsolete once UX-001 + UX-009 are green.

## 📝 Description

Gate the concierge-driven suggestion chips behind a `CONCIERGE_ENABLED` flag. When false (or the synthetic monitor reports red), the chips render disabled. Graceful degradation, not a core feature — Backlog / optional.

## ✨ Features / Acceptance

- [ ] `CONCIERGE_ENABLED=false` → Events / Food chips disabled + tooltip
- [ ] `=true` → normal behaviour
- [ ] Single flag read, no per-render cost

## 🧱 Tech stack

React 19 · Tailwind · env/config flag · CopilotKit suggestion chips.

## 🔧 What's needed

Coupled to **UX-001** (shares the `CONCIERGE_ENABLED` flag) and **UX-009** (monitor can drive the flag). Decide the flag source (env vs remote config). Skip until UX-001/009 land — may prove unnecessary.

## 🤖 Agents

**Product:** `conciergeAgent` (the gated dependency). **Drive with:** `copilotkit-develop`.

### 🖼️ Wireframe

```
enabled:   [ 🏠 Rentals ] [ 🍴 Food ] [ 🎟 Events ]
disabled:  [ 🏠 Rentals ] [ 🍴 Food ✕] [ 🎟 Events ✕]
                           └ ""Concierge is temporarily unavailable""
```

### 📦 Content & Data

* **Content:** disabled tooltip ""Concierge is temporarily unavailable"".
* **Data in:** `CONCIERGE_ENABLED` flag (env / monitor signal).
* **Data out:** none — UI gate only.

### 🔌 Wiring

* **Frontend:** the suggestion-chip / quick-action bar beside the chat input (gate on the flag).
* **Backend:** read the flag; optionally fed by the UX-009 monitor status.

## 🗺️ Diagram

```mermaid
flowchart LR
  F{""CONCIERGE_ENABLED""} -- true --> ON[""chips active""]
  F -- false --> OFF[""chips disabled + tooltip""]
  MON[""UX-009 monitor""] -. red .-> F
```","Canceled",,"No priority","1faa8d97-2c93-4e56-b1e9-08a41013c980","UX","ai@socialmediaville.ca",,"area:future, phase:launch, prefix:AIA, stack:copilotkit, stack:gemini, stack:mastra, track:ux",,,,,"2026-05-29T23:26:58.577Z","2026-06-05T19:59:27.536Z",,,,"2026-05-30T09:24:12.687Z",,,,"",,,,"ab3a727b-5407-405b-b9af-ef6831918c4c",13349,"","",
"SAN-251","Sanjiovani","UIX-023 — SCREEN-013 — Itinerary Panel","## Product code

**UIX-023** — SCREEN-013 — Itinerary Panel

| Traceability | Value |
| -- | -- |
| Linear | SAN-251 |
| Spec | `SCREEN-013` |
| Prefix | UIX |

*Catalog naming:* `scripts/linear-apply-prefix-catalog.mjs` *· Registry:* `tasks/linear/prefix-catalog.json`

---

## Purpose

Trip workspace with day-grouped itinerary + map pins for scheduled items.

## Goals

Trip workspace with day-grouped itinerary + map pins for scheduled items.
As **Camila**, I want viewing + event on a timeline, so I see conflicts before Saturday.

Key outcomes:

* Items group by day
* Overlap shows conflict UI
* Map shows pins for scheduled items
* No `timeline_events` table — use `trip_items` only

## Features

* Create `app/trips/[id]/page.tsx` with tabs (Ideas · Itinerary · Bookings stub)
* Create `components/trips/itinerary-panel.tsx`
* Optional chat entry ""add to trip"" from `/`
* `timelineAgent` (Phase 4 — new)
* Uses `trip_items`, `conflict_resolutions` ✅
* MAP-011 routes deferred — static pins only MVP

## Real-world example

**Camila** on \`\`/trips/\[id\]` — Itinerary tab` taps through the flow to viewing + event on a timeline → I see conflicts before Saturday.

## Persona & surface

* **Persona:** Camila
* **Surface:** `/trips/[id]` — Itinerary tab

## Where to view (exact URLs)

| Surface | Localhost | Production |
| -- | -- | -- |
| `/trips/[id]` — Itinerary tab | [open](<http://localhost:3001/>) | [open](<https://www.mdeai.co/>) |

**Local dev:** `cd mdeapp && npm run dev` → confirm port on `[ui]` line (usually `:3001`).

## Completion proof

* **Evidence file:** `tasks/evidence/SCREEN-013-evidence.md`
* **Summary:** Verified: 2026-05-20   · Playwright: 4/4 · floor: exit 0 · Grade: A
* **Playwright:** `../../../mdeapp/e2e/screens/SCREEN-013-*.spec.ts`
* **Agent must verify:** restart dev → localhost URLs above → same flow on [mdeai.co](<https://www.mdeai.co/>) before claiming ship.

## Tracking

| Field | Value |
| -- | -- |
| Task ID | `SCREEN-013` |
| Spec | `tasks/trips/wireframes/013-scr-itinerary-panel.md` |
| Type | screen build spec |
| Repo status | Partial |
| Priority | P1 |
| Phase | MVP Phase 4 |
| Depends on | SCREEN-012 |
| Wireframes | 013-wire-itinerary-planner.md, 012-wire-trip-workspace.md |
| Evidence | `../notes/SCREEN-013-evidence.md` |

---

*Spec file on disk is source of truth. Repo* `status: Done` *→ Linear **In Review** until user approves Done.*","Duplicate",,"High","1faa8d97-2c93-4e56-b1e9-08a41013c980","UX","ai@socialmediaville.ca",,"scr",,,,,"2026-05-27T09:29:39.400Z","2026-06-08T05:59:29.798Z","2026-05-27T16:05:31.044Z",,,"2026-06-08T05:59:28.788Z",,,,"",,,,"fb0a0e30-5912-46f7-9795-9d06c6d8d7c1",594,"","","SAN-276"
"SAN-255","Sanjiovani","UIX-027 — SCREEN-012 — Trips Dashboard","## Product code

**UIX-027** — SCREEN-012 — Trips Dashboard

| Traceability | Value |
| -- | -- |
| Linear | SAN-255 |
| Spec | `SCREEN-012` |
| Prefix | UIX |

*Catalog naming:* `scripts/linear-apply-prefix-catalog.mjs` *· Registry:* `tasks/linear/prefix-catalog.json`

---

## Purpose

`/trips` list of user trips with status and entry to workspace.

## Goals

`/trips` list of user trips with status and entry to workspace.
As **Camila**, I want a trips hub for my Medellín move weekend, so I see all plans in one place.

Key outcomes:

* `/trips` lists user's trips
* Click navigates to `/trips/[id]`
* Empty state + CTA to start from chat

## Features

* Create `app/trips/page.tsx`
* Trip cards: title, dates, item count
* None for list page
* Optional read via server action
* `trips` ✅ — RLS user owns

## Real-world example

**Camila** on `/trips` taps through the flow to a trips hub for my medellín move weekend → I see all plans in one place.

## Persona & surface

* **Persona:** Camila
* **Surface:** `/trips`

## Where to view (exact URLs)

| Surface | Localhost | Production |
| -- | -- | -- |
| `/trips` | [open](<http://localhost:3001/>) | [open](<https://www.mdeai.co/>) |

**Local dev:** `cd mdeapp && npm run dev` → confirm port on `[ui]` line (usually `:3001`).

## Completion proof

* **Evidence file:** `tasks/evidence/SCREEN-012-evidence.md`
* **Summary:** Verified: 2026-05-20   · Playwright: 3/3 · floor: exit 0 · Grade: A
* **Playwright:** `../../../mdeapp/e2e/screens/SCREEN-012-*.spec.ts`
* **Agent must verify:** restart dev → localhost URLs above → same flow on [mdeai.co](<https://www.mdeai.co/>) before claiming ship.

## Tracking

| Field | Value |
| -- | -- |
| Task ID | `SCREEN-012` |
| Spec | `tasks/trips/wireframes/012-scr-trips-dashboard.md` |
| Type | screen build spec |
| Repo status | Partial |
| Priority | P1 |
| Phase | MVP Phase 4 |
| Depends on | SCREEN-011 |
| Wireframes | 012-wire-trips-dashboard.md |
| Evidence | `../notes/SCREEN-012-evidence.md` |

---

*Spec file on disk is source of truth. Repo* `status: Done` *→ Linear **In Review** until user approves Done.*","Duplicate",,"High","1faa8d97-2c93-4e56-b1e9-08a41013c980","UX","ai@socialmediaville.ca",,"scr",,,,,"2026-05-27T09:29:42.121Z","2026-06-08T05:59:28.235Z","2026-05-27T16:05:29.289Z",,,"2026-06-08T05:59:27.117Z",,,,"",,,,"283fdbe6-a76c-434e-bb41-84f6a1a139d2",594,"","","SAN-274"
"SAN-437","Sanjiovani","UX-023 — Extract ResultCardShell and card primitives from CafeResultCard","**Track:** UX card unification · **ux-stack:13** · M0 shell extraction

**Spec:** `tasks/PR/ux/UX-023-result-card-shell.md` · **Tracker:** `tasks/PR/PROGRESS-TRACKER.md`

**Depends:** ✅ [SAN-436](<https://linear.app/sanjiovani/issue/SAN-436>) UX-020 (on prod @ `4de18f1`)

**Blocked by:** [SAN-462](<https://linear.app/sanjiovani/issue/SAN-462>) — **no runtime refactor until 3/3 scheduled prod synthetic PASS**

---

## Task

Extract `ResultCardShell` + primitives from `CafeResultCard` — visual parity required (snapshot café before/after).

## Testing & proof

```bash
cd mdeapp && npm test -- cafe-result-card && npm run floor
```

- [ ] Café card pixel/behavior unchanged
- [ ] Uses `CardInteractionProps` from UX-020
- [ ] Evidence under `tasks/testing/evidence/`","Duplicate",,"High","1faa8d97-2c93-4e56-b1e9-08a41013c980","UX","ai@socialmediaville.ca",,"phase:mvp, track:ux",,,,,"2026-05-31T19:04:08.610Z","2026-06-05T20:39:06.039Z",,,,"2026-06-05T20:39:03.628Z",,,,"",,,,"2fbfb5f6-5171-4adb-bd5f-771902184491",4034,"","","SAN-574"
"SAN-360","Sanjiovani","AIA-011 — Extract shared result card shell","## Product code

**AIA-011** — Extract shared result card shell

| Traceability | Value |
| -- | -- |
| Linear | SAN-360 |
| Spec | `UX-010-M0` |
| Prefix | AIA |

*Catalog naming:* `scripts/linear-apply-prefix-catalog.mjs` *· Registry:* `tasks/linear/prefix-catalog.json`

---

**Spec:** `UX-010` · **IMP:** 102 · **Persona:** Camila

| Field | Value |
| -- | -- |
| Task ID | `UX-010` |
| Spec path | `UX-010` |
| Board group | area:concierge |

*Title updated by* `scripts/linear-apply-product-titles.mjs` *(2026-05-30).*

---

Pure refactor — extract `ResultCardShell` and move RentalCard / CafeResultCard / EventCard onto it. Snapshots unchanged. Risk: Low. Do this **before** M1 (spec order). Part of UX-010 (SAN-318).","Duplicate",,"No priority","1faa8d97-2c93-4e56-b1e9-08a41013c980","UX","ai@socialmediaville.ca",,"area:concierge, phase:post-mvp, prefix:AIA, stack:copilotkit, stack:gemini, stack:mastra, track:ux",,,,,"2026-05-30T07:27:39.392Z","2026-06-05T20:46:39.264Z",,,,"2026-06-05T20:46:39.360Z",,,"SAN-318","",,,,"02115b2c-0763-4190-aee8-803c6d41d7aa",4027,"","","SAN-574"